aac_pssm0,aac_pssm1,aac_pssm2,aac_pssm3,aac_pssm4,aac_pssm5,aac_pssm6,aac_pssm7,aac_pssm8,aac_pssm9,aac_pssm10,aac_pssm11,aac_pssm12,aac_pssm13,aac_pssm14,aac_pssm15,aac_pssm16,aac_pssm17,aac_pssm18,aac_pssm19,target
-0.741071429,-1.178571429,-1.089285714,-0.982142857,-1.21875,-0.785714286,-0.946428571,-1.5625,-0.651785714,-1.299107143,-1.433035714,-0.696428571,-0.785714286,-1.209821429,-1.125,-0.772321429,-0.700892857,-1.486607143,-1.017857143,-0.959821429,1
-0.313364055,-0.737327189,-0.486175115,-0.947004608,-0.6359447,-0.47235023,-0.532258065,-1.036866359,-0.407834101,-0.576036866,-0.960829493,-0.463133641,-0.426267281,-0.857142857,-1.269585253,-0.297235023,-0.375576037,-1.894009217,-0.781105991,-0.702764977,1
-0.345454545,-0.863636364,-0.984848485,-1.127272727,-1.403030303,-0.818181818,-0.918181818,-1.503030303,-0.866666667,-0.890909091,-0.912121212,-0.915151515,-0.593939394,-1.527272727,-1.496969697,-0.451515152,-0.684848485,-2.424242424,-1.281818182,-0.86969697,1
-1.212765957,-1.800327332,-1.302782324,-1.693944354,-2.862520458,-1.368248773,-1.525368249,-2.705400982,-1.376432079,-1.435351882,-1.595744681,-1.533551555,-1.368248773,-1.549918167,-2.589198036,-1.052373159,-0.772504092,-2.387888707,-1.112929624,-1.346972177,1
-0.7100271,-0.761517615,-0.74796748,-0.834688347,-1.849593496,-0.735772358,-0.766937669,-1.386178862,-0.281842818,-0.93902439,-0.826558266,-0.887533875,-0.722222222,-0.849593496,-1.208672087,-0.562330623,-0.577235772,-1.535230352,-0.596205962,-0.787262873,1
-0.467625899,-0.990407674,-0.673860911,-0.79616307,-0.935251799,-0.776978417,-0.604316547,-1.215827338,-0.604316547,-0.621103118,-0.851318945,-0.529976019,-0.436450839,-1,-1.407673861,-0.42206235,-0.611510791,-2.103117506,-0.856115108,-0.611510791,1
-0.037344398,-0.726141079,-0.908713693,-0.960580913,-1.099585062,-0.765560166,-0.705394191,-1.020746888,-0.636929461,-0.680497925,-0.883817427,-0.769709544,-0.414937759,-1.246887967,-1.03526971,-0.512448133,-0.470954357,-2.118257261,-1.197095436,-0.562240664,1
-0.894736842,-1.035087719,-1.587719298,-2.526315789,-1.903508772,-0.964912281,-1.99122807,-2.412280702,-1.447368421,-1.333333333,-1.263157895,-0.798245614,-1.00877193,-1.877192982,-1.48245614,-0.50877193,-0.307017544,-2.912280702,-2.447368421,-1.122807018,1
-0.372277228,-0.596039604,-0.089108911,-0.720792079,-1.534653465,0.328712871,-0.451485149,-1.158415842,-0.051485149,-1.2,-1.201980198,-0.605940594,-0.136633663,-1.611881188,0.128712871,0.447524752,0.059405941,-2.316831683,-1.356435644,-1.041584158,1
-0.684027778,-0.59375,-0.524305556,-0.868055556,-1.586805556,0.274305556,-0.402777778,-1.815972222,-0.472222222,-0.600694444,-1.010416667,-0.416666667,0.013888889,-1.375,-2.361111111,-0.440972222,-0.53125,-2.430555556,-1.260416667,-0.840277778,1
-0.707434053,-0.788968825,-0.541966427,-0.208633094,-2.462829736,-0.503597122,-0.043165468,-1.534772182,-0.676258993,-1.1558753,-1.285371703,-0.09352518,-1.050359712,-1.227817746,-0.815347722,-0.429256595,-0.592326139,-2.107913669,-1.074340528,-1.045563549,1
-2.030555556,-1.783333333,-2.325,-2.35,-2.672222222,-1.802777778,-1.916666667,-3.327777778,-1.922222222,-2.072222222,-1.847222222,-1.680555556,-1.597222222,-2.477777778,-2.911111111,-1.844444444,-1.866666667,-3.761111111,-2.411111111,-2.127777778,1
-0.566502463,-0.18226601,-0.753694581,-1.389162562,-1.931034483,-0.541871921,-0.581280788,-1.837438424,-0.669950739,-0.975369458,-1.019704434,0.147783251,-0.640394089,-1.522167488,-1.81773399,-0.719211823,-0.768472906,-2.226600985,-1.103448276,-0.842364532,1
-0.558862434,-0.910714286,-0.746031746,-0.874338624,-1.826719577,-0.621693122,-0.439153439,-1.550925926,-1.091931217,-0.998677249,-1.188492063,-0.21031746,-0.978835979,-1.444444444,-1.321428571,-0.596560847,-0.622354497,-2.21494709,-1.26521164,-0.917328042,1
-0.847682119,-0.350993377,-1.013245033,-1.443708609,-2.642384106,-0.768211921,-0.735099338,-1.986754967,-1.132450331,-1.264900662,-1.165562914,0.046357616,-0.860927152,-2.19205298,-1.708609272,-0.609271523,-0.728476821,-3.079470199,-1.602649007,-1.125827815,1
-0.926966292,-0.674157303,-0.960674157,-1.601123596,-1.662921348,-0.646067416,-0.95505618,-1.640449438,-1.275280899,-0.859550562,-1.297752809,-0.140449438,-0.629213483,-1.528089888,-1.825842697,-0.752808989,-0.724719101,-2.516853933,-1.516853933,-0.898876404,1
-0.410774411,-0.461279461,-0.552188552,-1.047138047,-1.723905724,-0.417508418,-0.525252525,-1.454545455,-0.71043771,-1.063973064,-1.239057239,0.131313131,-0.986531987,-1.427609428,-1.326599327,-0.383838384,-0.457912458,-2.427609428,-0.919191919,-0.932659933,1
-0.804123711,-0.659793814,-0.896907216,-1.298969072,-1.778350515,-0.463917526,-0.711340206,-1.731958763,-0.87628866,-0.912371134,-1.067010309,-0.134020619,-0.675257732,-1.329896907,-1.31443299,-0.448453608,-0.520618557,-2.474226804,-1.118556701,-0.75257732,1
-0.910344828,-0.034482759,-0.910344828,-1.365517241,-2.296551724,-0.489655172,-0.634482759,-1.855172414,-0.827586207,-1.434482759,-1.6,0.55862069,-1.165517241,-2.234482759,-1.517241379,-0.448275862,-0.75862069,-2.868965517,-1.910344828,-1.248275862,1
-0.276056338,-0.556338028,-0.583098592,0.057746479,-2.350704225,-0.369014085,0.38028169,-1.076056338,-1.098591549,-1.763380282,-2.01971831,0.397183099,-1.053521127,-1.878873239,-0.778873239,-0.043661972,-0.614084507,-3.011267606,-1.784507042,-1.047887324,1
-0.414285714,-0.185714286,-0.857142857,-1.75,-1.5,-0.664285714,-1.164285714,-0.95,-1.1,-0.842857143,-1.1,-0.085714286,-0.585714286,-1.557142857,-1.371428571,-0.407142857,-0.578571429,-2.221428571,-1.557142857,-0.735714286,1
-0.355311355,-0.17032967,-0.600732601,-0.692307692,-1.565934066,-0.075091575,-0.128205128,-1.648351648,-0.880952381,-0.899267399,-0.769230769,0.241758242,-0.639194139,-1.551282051,-0.509157509,0.15018315,-0.212454212,-2.820512821,-1.728937729,-0.868131868,1
-1.395721925,-1.524064171,-1.604278075,-1.614973262,-2.192513369,-1.64171123,-1.294117647,-2.385026738,-1.090909091,-1.379679144,-1.743315508,-1.417112299,-1.347593583,-1.828877005,-2.368983957,-1.50802139,-1.347593583,-2.315508021,-1.647058824,-1.352941176,1
-0.246376812,-0.6563147,-0.469979296,-0.81573499,-0.652173913,-0.488612836,-0.614906832,-1.163561077,-0.149068323,-0.625258799,-0.813664596,-0.645962733,-0.221532091,-0.658385093,-0.931677019,-0.387163561,-0.488612836,-1.229813665,-0.474120083,-0.666666667,1
-0.536684783,-1.411684783,-1.788043478,-1.826086957,-2.089673913,-1.400815217,-1.548913043,-1.869565217,-1.190217391,-1.252717391,-1.421195652,-1.551630435,-1.472826087,-2.158967391,-1.788043478,-0.895380435,-0.929347826,-3.375,-2.289402174,-0.986413043,1
-0.233970754,-0.492688414,-0.525309336,-0.588301462,-0.905511811,-0.471316085,-0.476940382,-0.916760405,-0.391451069,-0.669291339,-0.939257593,-0.524184477,-0.38807649,-0.911136108,-0.640044994,-0.361079865,-0.311586052,-1.587176603,-0.692913386,-0.554555681,1
-0.713435374,-0.736394558,-0.694727891,-0.648809524,-1.548469388,-0.765306122,-0.283163265,-1.481292517,-0.736394558,-0.680272109,-1.015306122,-0.266156463,-0.56207483,-0.910714286,-1.289965986,-0.779761905,-0.674319728,-1.206632653,-0.639455782,-0.738945578,1
-0.705806452,-0.79483871,-0.669677419,-0.68,-1.627096774,-0.649032258,-0.327741935,-1.655483871,-0.732903226,-0.779354839,-1.025806452,-0.172903226,-0.655483871,-1.010322581,-1.249032258,-0.732903226,-0.678709677,-1.75483871,-0.88516129,-0.854193548,1
-0.445859873,-0.649681529,-0.598726115,-0.581740977,-1.33970276,-0.197452229,-0.259023355,-1.367303609,-0.409766454,-0.709129512,-0.86836518,-0.1507431,-0.292993631,-1.112526539,-1.053078556,-0.543524416,-0.518046709,-1.730360934,-0.876857749,-0.774946921,1
-0.478964401,-1.805825243,-2.355987055,-2.815533981,-2.640776699,-2.110032362,-2.466019417,-2.336569579,-2.029126214,-1.475728155,-1.491909385,-2.122977346,-1.226537217,-2.132686084,-3.16828479,-1.475728155,-1.368932039,-2.919093851,-2.352750809,-1.074433657,1
-0.495060373,-0.727771679,-0.852908891,-0.989023052,-0.681668496,-0.646542261,-0.647639956,-1.103183315,-0.387486279,-0.457738749,-0.508232711,-0.801317234,-0.064763996,-0.536772777,-0.680570801,-0.265642151,-0.352360044,-1.286498353,-0.733260154,-0.500548847,1
-0.335195531,-1.111731844,-1.072625698,-1.301675978,-1.413407821,-0.966480447,-0.977653631,-1.201117318,-1.039106145,-0.899441341,-0.849162011,-0.765363128,-0.608938547,-1.206703911,-1.608938547,-0.441340782,-0.592178771,-1.938547486,-1.229050279,-0.603351955,1
-1.143243243,-1.977702703,-1.704054054,-2.394594595,-2.152702703,-1.601351351,-2.039864865,-2.410810811,-1.997972973,-0.942567568,-1.1,-1.958783784,-0.87027027,-1.465540541,-2.985135135,-0.784459459,-0.993918919,-2.878378378,-1.909459459,-1.05472973,1
-0.65390625,-1.80234375,-1.7640625,-2.28125,-1.9921875,-1.42890625,-1.93046875,-1.890625,-1.8859375,-0.96953125,-1.175,-1.88359375,-0.73125,-1.5375,-2.896875,-0.72421875,-0.98828125,-2.79453125,-1.84375,-1.04296875,1
-0.735099338,0.066225166,-0.774834437,-1.854304636,-1.562913907,-0.748344371,-1.311258278,-1.231788079,-0.960264901,-1.092715232,-1.503311258,-0.013245033,-1.039735099,-1.556291391,-1.245033113,-0.450331126,-0.437086093,-2.57615894,-1.57615894,-1.086092715,1
-0.851116625,-0.153846154,-0.702233251,-1.109181141,-1.635235732,-0.339950372,-0.300248139,-2.081885856,-0.719602978,-1.096774194,-0.960297767,0.044665012,-0.689826303,-1.501240695,-1.486352357,-0.518610422,-0.727047146,-2.193548387,-1.270471464,-1.223325062,1
-0.720095694,-0.722488038,-0.607655502,-0.799043062,-1.126794258,-0.497607656,-0.523923445,-1.43062201,-0.648325359,-0.813397129,-1.031100478,-0.488038278,-0.767942584,-1.315789474,-0.78708134,-0.291866029,-0.294258373,-2.294258373,-1.06937799,-0.629186603,1
-0.06595092,-0.967791411,-0.294478528,-1.067484663,-2.01993865,0.406441718,-0.932515337,-0.898773006,-0.636503067,-1.248466258,-1.073619632,-1.001533742,0.090490798,-0.993865031,0.202453988,0.15797546,-0.095092025,-2.13803681,-1.145705521,-0.917177914,1
-0.885117493,-0.960835509,-0.934725849,-0.933420366,-2.392950392,-0.921671018,-1.22845953,-1.514360313,-0.509138381,-1.165796345,-1.296344648,-1.194516971,-0.908616188,-0.958224543,-1.483028721,-0.69843342,-0.569190601,-0.933420366,-0.532637076,-0.955613577,1
-0.292329957,1.096237337,-0.919681621,-0.147612156,-3.087554269,0.379884226,0.907380608,-1.288712012,-0.817655572,-1.800289436,-1.389290883,0.13748191,-1.169319826,-1.99276411,-0.89869754,-0.353111433,-1.010130246,-2.403762663,-1.751808973,-1.621562952,1
-0.289555972,-0.625390869,-0.440900563,-0.73358349,-2.20137586,0.153220763,-0.044402752,-1.163852408,-0.515322076,-1.256410256,-1.313946216,-0.264540338,-0.405253283,-1.629768605,0.389618512,0.138836773,-0.263289556,-2.534083802,-1.371482176,-0.903064415,1
-0.614963504,-0.574817518,-0.399635036,-0.799270073,-2.240875912,-0.260948905,-0.589416058,-1.240875912,-1.098540146,-1.45620438,-1.430656934,-0.496350365,-1.133211679,-1.436131387,-1.052919708,-0.386861314,-0.576642336,-2.408759124,-1.26459854,-1.096715328,1
-0.534375,-0.528125,-0.64375,-0.54375,-2.29375,-0.48125,-0.3,-1.215625,-1.13125,-1.478125,-1.61875,-0.325,-0.878125,-1.621875,-1.084375,-0.39375,-0.496875,-2.503125,-1.353125,-1.109375,1
-0.623543124,-0.696969697,-0.674825175,-0.75990676,-0.766899767,-0.513986014,-0.494172494,-1.365967366,-0.53962704,-0.613053613,-0.878787879,-0.537296037,-0.237762238,-0.945221445,-1.141025641,-0.447552448,-0.490675991,-1.976689977,-0.934731935,-0.613053613,1
-0.032448378,-1.371681416,-2.359882006,-2.383480826,-2.693215339,-1.749262537,-1.769911504,-1.849557522,-2.126843658,-1.96460177,-1.663716814,-2.008849558,-1.380530973,-2.557522124,-2.542772861,-1.356932153,-1.371681416,-3.16519174,-2.731563422,-1.501474926,1
-0.09375,-0.493303571,-0.292410714,-0.223214286,-2.4140625,0.3125,-0.084821429,-1.042410714,-0.649553571,-1.391741071,-1.251116071,-0.347098214,-0.652901786,-1.080357143,0.266741071,0.3984375,-0.151785714,-2.321428571,-1.4765625,-1.186383929,1
-0.289940828,-0.74556213,-0.804733728,-0.937869822,-0.576923077,-0.559171598,-0.653846154,-0.982248521,-0.467455621,-0.816568047,-1.056213018,-0.872781065,-0.609467456,-1.233727811,-1.159763314,-0.381656805,-0.428994083,-1.866863905,-0.905325444,-0.707100592,1
-1.017777778,-1.466666667,-1.266666667,-1.586666667,-1.337777778,-1.133333333,-1.164444444,-2.173333333,-0.493333333,-1.413333333,-1.342222222,-1.004444444,-0.586666667,-1.022222222,-1.755555556,-1.408888889,-1.244444444,-1.582222222,-0.897777778,-1.408888889,1
-0.47902571,-0.566982409,-0.673883627,-0.753721245,-1.441136671,-0.381596752,-0.205683356,-1.420838972,-0.741542625,-0.847090663,-0.861975643,-0.216508796,-0.600811908,-1.066305819,-1.188092016,-0.49391069,-0.472259811,-1.879566982,-0.836265223,-0.791610284,1
0.035864979,-0.708860759,-0.938818565,-1.143459916,-0.902953586,-0.679324895,-1.073839662,-0.765822785,-0.592827004,-0.991561181,-1.084388186,-1.010548523,-0.172995781,-1.244725738,-0.964135021,-0.455696203,-0.535864979,-1.497890295,-1.172995781,-0.782700422,1
-0.66802444,-0.50509165,-0.83299389,-0.692464358,-0.928716904,-0.470468432,-0.568228106,-1.637474542,-0.452138493,-1.020366599,-0.729124236,-0.67413442,-0.908350305,-1.236252546,-1,-0.33604888,-0.615071283,-1.99592668,-1.246435845,-0.934826884,1
-0.443908323,0.17490953,-0.194209891,-0.56212304,-2.510253317,1.656212304,1.724969843,-2.664656212,-0.74668275,-1.611580217,-0.644149578,1.120627262,-0.805790109,-3.139927624,-3.402895054,-0.162846803,-0.633293124,-3.774427021,-2.757539204,-1.636911942,1
-0.255230126,0.79916318,-0.259414226,-0.034867503,-2.563458856,0.765690377,1.440725244,-1.368200837,-0.984658298,-1.729428173,-1.666666667,0.874476987,-1.177126918,-2.470013947,-0.909344491,0.207810321,-0.308228731,-3.015341702,-2.061366806,-1.327754533,1
-0.5913371,-0.753295669,-0.885122411,-1.201506591,-0.308851224,-0.79472693,-0.881355932,-1.438794727,-0.38606403,-0.617702448,-1.052730697,-0.781544256,-0.097928437,-1.086629002,-1.446327684,-0.619585687,-0.555555556,-1.61393597,-0.990583804,-0.677966102,1
-0.593360996,-0.536652835,-0.607192254,-0.748271093,-0.907330567,-0.352697095,-0.199170124,-1.273858921,-0.20746888,-0.697095436,-0.993084371,-0.253112033,-0.307053942,-0.847856155,-1.123098202,-0.53526971,-0.583679115,-1.32780083,-0.557399723,-0.857538036,1
-0.34965035,-1.136363636,-0.737762238,-1.104895105,-0.601398601,-0.716783217,-0.671328671,-1.300699301,-0.818181818,-0.695804196,-0.982517483,-0.695804196,-0.332167832,-0.947552448,-1.43006993,-0.51048951,-0.660839161,-1.451048951,-0.944055944,-0.856643357,1
-0.401360544,-1.295918367,-0.523809524,-1.224489796,-1.336734694,-0.867346939,-1.340136054,-0.867346939,-0.727891156,-1.153061224,-1.040816327,-0.608843537,-0.758503401,-0.775510204,-1.744897959,-0.027210884,-0.115646259,-2.227891156,-0.982993197,-0.836734694,1
-0.675431389,-0.486442071,-0.976170912,-1.224322104,-3.487263763,0.059983566,0.125718981,-2.80115037,-1.47082991,-1.391947412,-1.210353328,-0.037797864,-1.49548069,-2.698438784,-3.765817584,-0.908792112,-1.142974528,-4.050123254,-2.518488085,-1.670501233,1
-0.216845878,-0.544802867,-0.362007168,-0.548387097,-0.761648746,-0.259856631,-0.430107527,-1.028673835,0.016129032,-0.754480287,-0.810035842,-0.573476703,-0.224014337,-0.716845878,-1.010752688,-0.417562724,-0.448028674,-0.965949821,-0.61827957,-0.777777778,1
0.452054795,0.232876712,-1.127853881,-1.689497717,-2.570776256,-0.420091324,-0.666666667,-1.146118721,-1.561643836,-1.940639269,-1.908675799,1.579908676,-1.433789954,-3.01826484,0.228310502,0.114155251,-0.114155251,-3.707762557,-2.584474886,-0.908675799,1
-0.501960784,-0.996078431,-0.741176471,-1.188235294,-1.349019608,-0.8,-1.007843137,-1.341176471,-0.701960784,-1.443137255,-1.109803922,-0.945098039,-0.890196078,-1.219607843,-0.956862745,-0.254901961,-0.423529412,-1.745098039,-1.003921569,-1.109803922,1
-0.241935484,-0.941935484,-0.629032258,-0.761290323,-1.583870968,-0.406451613,-0.132258065,-1.422580645,-0.974193548,-0.735483871,-0.95483871,0.129032258,-0.648387097,-1.238709677,-0.841935484,-0.516129032,-0.574193548,-2.316129032,-1.461290323,-0.570967742,1
-0.7,-1.13125,-0.615625,-1.121875,-1.465625,-0.5875,-0.809375,-1.85,-1.025,-0.809375,-0.675,-0.478125,-0.8375,-1.40625,-1.1625,-0.21875,-0.515625,-2.690625,-1.315625,-0.728125,1
-0.603448276,-1.586206897,-1.655172414,-1.827586207,-1.833333333,-1.16091954,-1.270114943,-2.511494253,-1.183908046,-1.431034483,-1.126436782,-1.293103448,-1.327586207,-1.454022989,-2.155172414,-1.149425287,-1.109195402,-2.545977011,-1.396551724,-1.270114943,1
-0.746753247,-0.615584416,-0.5,-0.850649351,-1.341558442,0.153246753,-0.381818182,-1.457142857,-0.512987013,-0.919480519,-0.651948052,-0.533766234,-0.350649351,-1.192207792,-0.88961039,-0.301298701,-0.479220779,-2.167532468,-1.22987013,-0.814285714,1
-1.086680761,-0.433403805,-0.604651163,-0.778012685,-1.393234672,-0.627906977,-1.014799154,-1.287526427,0.082452431,-0.961945032,-1.22832981,-0.687103594,-0.317124736,-0.372093023,-0.773784355,-0.553911205,-0.511627907,-0.412262156,-0.175475687,-1.067653277,1
-0.481519507,-0.63449692,-0.709445585,-0.782340862,-0.140657084,-0.552361396,-0.612936345,-1.092402464,-0.154004107,-0.595482546,-0.80698152,-0.554414784,-0.104722793,-0.887063655,-1.104722793,-0.368583162,-0.393223819,-1.224845996,-0.674537988,-0.64476386,1
-0.360262009,-0.858078603,-0.777292576,-0.819868996,-1.524017467,-0.658296943,-0.581877729,-1.298034935,-0.80349345,-1.243449782,-0.975982533,-0.85371179,-0.776200873,-1.246724891,-0.732532751,-0.372270742,-0.439956332,-1.826419214,-1.031659389,-0.998908297,1
-0.576923077,-1.019230769,-1.528846154,-1.480769231,-1.913461538,-1.048076923,-0.990384615,-2.259615385,-0.990384615,-1.557692308,-1.471153846,-1.163461538,-1.067307692,-1.913461538,-2.326923077,-0.903846154,-0.807692308,-2.326923077,-1.913461538,-1.346153846,1
-0.609302326,-0.376744186,-0.576744186,-0.688372093,-2.506976744,0.065116279,0.153488372,-1.730232558,-0.809302326,-1.813953488,-1.91627907,0.590697674,-0.744186047,-2.162790698,-1.097674419,-0.51627907,-1.051162791,-2.679069767,-1.679069767,-1.739534884,1
-0.278481013,-0.875949367,-0.848101266,-0.946835443,-0.567088608,-0.706329114,-0.711392405,-1.192405063,-0.296202532,-0.559493671,-0.767088608,-0.875949367,-0.417721519,-0.921518987,-1.546835443,-0.496202532,-0.640506329,-1.283544304,-0.802531646,-0.594936709,1
-0.661341853,-0.555910543,-0.993610224,-0.905750799,-1.630990415,-0.536741214,-0.372204473,-1.616613419,-0.554313099,-1.038338658,-1.151757189,-0.496805112,-0.672523962,-1.226837061,-1.241214058,-0.736421725,-0.771565495,-1.610223642,-1.057507987,-1.102236422,1
-0.703412073,-0.62992126,-0.577427822,-0.797900262,-0.905511811,-0.488188976,-0.556430446,-1.372703412,-0.480314961,-0.952755906,-0.847769029,-0.517060367,-0.398950131,-0.923884514,-1.299212598,-0.398950131,-0.611548556,-1.734908136,-0.847769029,-1.047244094,1
-0.868159204,-0.624378109,-0.465174129,-1.121890547,-1.686567164,-0.73880597,-0.947761194,-1.626865672,-0.161691542,-0.940298507,-0.791044776,-0.661691542,-0.57960199,-0.778606965,-0.910447761,-0.427860697,-0.432835821,-1.606965174,-0.42039801,-0.778606965,1
-0.307210031,-1.586206897,-2.332288401,-2,-3.012539185,-1.545454545,-1.680250784,-2.097178683,-1.971786834,-1.601880878,-1.592476489,-1.827586207,-1.4169279,-2.630094044,-2.636363636,-1.451410658,-1.335423197,-3.307210031,-2.617554859,-1.219435737,1
-0.319148936,-2.036474164,-3.17325228,-2.899696049,-3.513677812,-2.346504559,-2.516717325,-2.191489362,-2.343465046,-2.252279635,-2.021276596,-2.811550152,-2.103343465,-3.118541033,-3.094224924,-1.930091185,-1.693009119,-3.875379939,-3.294832827,-1.255319149,1
-0.292004635,-0.809965238,-0.993047509,-1.178447277,-1.723059096,-0.778679027,-0.874855156,-1.339513326,-0.76013905,-0.910776362,-0.937427578,-0.986095017,-0.860950174,-1.493626883,-1.326767092,-0.506373117,-0.652375435,-2.465816918,-1.425260718,-0.738122827,1
-0.31920904,-0.833333333,-1.04519774,-1.293785311,-2.163841808,-0.528248588,-0.929378531,-1.652542373,-0.528248588,-1.440677966,-1.242937853,-1.014124294,-0.929378531,-1.480225989,-1.528248588,-0.844632768,-0.861581921,-1.867231638,-1.262711864,-1.231638418,1
-0.135231317,-1.028469751,-0.366548043,-0.341637011,-2.551601423,-0.110320285,-0.341637011,-1.423487544,-0.772241993,-1.572953737,-1.110320285,-0.87544484,-0.708185053,-1.508896797,0.220640569,0.679715302,-0.010676157,-3,-1.722419929,-1.306049822,1
-0.873239437,-0.647887324,-0.797183099,-0.746478873,-0.645070423,-0.577464789,-0.622535211,-1.602816901,-0.135211268,-0.969014085,-1.050704225,-0.653521127,-0.65915493,-0.932394366,-1.121126761,-0.450704225,-0.673239437,-1.391549296,-0.785915493,-1.05915493,1
-2.307210031,-2.877742947,-2.793103448,-3.210031348,-3.394984326,-2.670846395,-3.435736677,-2.981191223,-2.996865204,-3.006269592,-3.344827586,-2.990595611,-3.65830721,-4.200626959,-4.548589342,-1.210031348,-1.774294671,-3.915360502,-3.94984326,-2.771159875,1
-0.342857143,-0.980952381,-1.085714286,-1.428571429,-1.80952381,-1,-0.942857143,-1.723809524,-1.419047619,-0.933333333,-1.133333333,-0.219047619,-0.742857143,-1.6,-2.133333333,-0.485714286,-0.638095238,-3.152380952,-1.657142857,-0.828571429,1
-0.436213992,-0.769547325,-0.833333333,-0.905349794,-0.259259259,-0.62345679,-0.683127572,-1.074074074,-0.358024691,-0.664609053,-0.763374486,-0.664609053,-0.189300412,-1.065843621,-1.333333333,-0.432098765,-0.514403292,-1.635802469,-0.818930041,-0.732510288,1
-0.091743119,-1.321100917,-1.183486239,-1.064220183,-2.697247706,-0.825688073,-1.23853211,-1.651376147,-0.95412844,-1.935779817,-2.04587156,-0.871559633,-0.899082569,-1.981651376,-1.605504587,-1.082568807,-1.110091743,-2.431192661,-1.724770642,-1.678899083,1
-1.136272545,-1.006012024,-0.529058116,-0.597194389,-0.753507014,-0.392785571,-0.342685371,-1.731462926,-0.721442886,-1.076152305,-1.130260521,-0.378757515,-0.468937876,-0.927855711,-1.278557114,-0.304609218,-0.565130261,-2.0501002,-0.861723447,-1.036072144,1
-0.300813008,-0.487804878,-0.718157182,-0.959349593,-0.298102981,-0.547425474,-0.731707317,-0.921409214,-0.203252033,-0.596205962,-0.98102981,-0.715447154,-0.100271003,-0.921409214,-0.894308943,-0.466124661,-0.333333333,-1.013550136,-0.62601626,-0.555555556,1
-0.273364486,-0.637850467,-1.079439252,-1.081775701,-1.135514019,-0.941588785,-0.738317757,-1.401869159,-0.572429907,-0.778037383,-1.079439252,-0.939252336,-0.469626168,-1.121495327,-1.504672897,-0.735981308,-0.740654206,-1.591121495,-1.102803738,-0.728971963,1
-0.150417827,-0.866295265,-0.646239554,-0.832869081,-0.933147632,-0.626740947,-0.473537604,-1.097493036,-0.43454039,-0.534818942,-0.91643454,-0.576601671,-0.144846797,-1.025069638,-1.378830084,-0.710306407,-0.545961003,-1.760445682,-0.740947075,-0.520891365,1
-0.270742358,-0.243085881,-0.912663755,-0.922852984,-1.576419214,-0.43231441,0.055312955,-2.324599709,-0.602620087,-1.066957787,-0.755458515,-0.096069869,-0.624454148,-1.320232897,-2.352256186,-1.026200873,-1.315866084,-1.50363901,-0.676855895,-1.394468705,1
-0.093670886,-0.660759494,-0.956962025,-1.020253165,-1.830379747,-0.579746835,-0.559493671,-1.205063291,-1.070886076,-0.967088608,-1.063291139,-0.513924051,-0.615189873,-1.227848101,-1.410126582,-0.42278481,-0.544303797,-2.339240506,-1.093670886,-0.744303797,1
-0.219264892,-0.538656527,-0.614702155,-0.622306717,-0.969581749,-0.509505703,-0.583016477,-0.804816223,-0.377693283,-0.661596958,-0.922686946,-0.650190114,-0.324461343,-0.910012674,-0.718631179,-0.395437262,-0.297845374,-1.509505703,-0.65652725,-0.541191381,1
-0.339339339,-1.366366366,-1.576576577,-1.288288288,-1.582582583,-1.732732733,-1.591591592,-1.501501502,-0.942942943,-1.216216216,-1.24024024,-2.171171171,-1.228228228,-1.423423423,-1.948948949,-1.003003003,-1.129129129,-1.93993994,-1.51951952,-1.09009009,1
-0.842281879,-0.951901566,-0.966442953,-0.939597315,-1.728187919,-0.948545861,-0.617449664,-1.889261745,-0.762863535,-0.841163311,-1.229306488,-0.51901566,-0.779642058,-1.085011186,-1.56935123,-0.998881432,-0.876957494,-1.137583893,-0.750559284,-0.937360179,1
-0.215302491,-0.725978648,-0.243772242,-0.567615658,-1.887900356,-0.414590747,-0.516014235,-1.039145907,-0.827402135,-1.081850534,-1.293594306,-0.519572954,-1.040925267,-1.914590747,-0.387900356,0.28113879,-0.040925267,-2.724199288,-1.71886121,-0.928825623,1
-0.301186944,-0.722551929,0.037091988,-0.409495549,-2.075667656,-0.359050445,-0.415430267,-0.997032641,-0.712166172,-0.955489614,-1.206231454,-0.409495549,-1.059347181,-1.916913947,-0.21810089,0.458456973,0.069732938,-2.78189911,-1.790801187,-0.915430267,1
-0.909448819,0.161417323,-0.354330709,-1.657480315,-1.633858268,-0.787401575,-1.358267717,-0.885826772,-0.464566929,-0.838582677,-1.42519685,0.181102362,-0.988188976,-1.346456693,-1.216535433,-0.440944882,-0.649606299,-1.834645669,-0.866141732,-0.92519685,1
-1.104477612,-0.432835821,-1.253731343,-1.47761194,-1.955223881,-0.462686567,-0.820895522,-1.940298507,-1.388059701,-1.134328358,-1.373134328,-0.52238806,-0.686567164,-2.313432836,-1.955223881,-0.925373134,-0.597014925,-3.149253731,-2.208955224,-0.731343284,1
-0.085858586,-1.343434343,-1.353535354,-2.368686869,-1.368686869,-1.050505051,-1.833333333,-1.308080808,-1.439393939,-0.424242424,-0.161616162,-1.368686869,-0.080808081,-0.338383838,-1.474747475,-0.141414141,-0.227272727,-1.222222222,-0.904040404,-0.525252525,1
-0.638211382,-0.337398374,-0.865853659,-1.130081301,-1.87804878,-0.386178862,-0.37398374,-1.601626016,-1.036585366,-0.491869919,-1.12195122,0.134146341,-0.512195122,-1.406504065,-1.394308943,-0.613821138,-0.443089431,-2.504065041,-1.215447154,-0.601626016,1
-1.086206897,-1.235632184,-1.327586207,-1.454022989,-2.212643678,-0.689655172,-0.954022989,-2.247126437,-1.206896552,-1.25862069,-1.247126437,-1.005747126,-1.350574713,-1.436781609,-2.183908046,-0.833333333,-1,-2.494252874,-1.408045977,-1.218390805,1
-0.701596806,-0.790419162,-0.402195609,-0.581836327,-0.964071856,-0.295409182,-0.437125749,-1.645708583,-0.238522954,-0.449101796,-0.532934132,-0.429141717,-0.388223553,-0.77245509,-1.284431138,-0.323353293,-0.538922156,-2.077844311,-0.560878244,-0.76247505,1
-0.466165414,-0.591478697,-0.73433584,-0.854636591,-1.862155388,-0.293233083,-0.486215539,-1.335839599,-0.79197995,-1,-0.847117794,-0.551378446,-0.751879699,-1.453634085,-1.411027569,-0.167919799,-0.461152882,-2.528822055,-1.423558897,-0.844611529,1
-0.176656151,-0.902208202,-0.779179811,-0.810725552,-1.58044164,-0.416403785,-0.223974763,-1.362776025,-0.927444795,-0.835962145,-0.940063091,-0.186119874,-0.444794953,-1.258675079,-1.192429022,-0.384858044,-0.466876972,-2.567823344,-1.173501577,-0.599369085,1
-0.28057554,-0.532374101,-0.762589928,-0.798561151,-1.982014388,-0.053956835,-0.345323741,-1.654676259,-0.845323741,-1.151079137,-0.910071942,-0.392086331,-0.669064748,-1.679856115,-1.946043165,-0.237410072,-0.539568345,-2.737410072,-1.568345324,-1.014388489,1
-0.843850267,-0.852406417,-0.730481283,-0.865240642,-2.259893048,-0.797860963,-1,-1.427807487,-0.486631016,-1.13368984,-1.288770053,-0.951871658,-0.819251337,-0.920855615,-1.361497326,-0.537967914,-0.505882353,-0.954010695,-0.467379679,-0.987165775,1
-0.622047244,-0.515748031,-0.87007874,-1.023622047,-1.826771654,-0.377952756,-0.543307087,-1.551181102,-1.177165354,-1.082677165,-1.011811024,-0.523622047,-0.720472441,-1.645669291,-1.858267717,-0.330708661,-0.590551181,-2.653543307,-1.531496063,-0.968503937,1
-0.298969072,-0.393814433,-0.451546392,-0.711340206,-1.315463918,-0.286597938,-0.67628866,-1.144329897,-0.080412371,-1.026804124,-1.154639175,-0.771134021,-0.540206186,-0.84742268,-0.488659794,-0.420618557,-0.342268041,-1.402061856,-0.736082474,-0.783505155,1
-0.858870968,-0.991935484,-1.411290323,-1.588709677,-1.89516129,-1.193548387,-1.096774194,-2.008064516,-0.689516129,-1.403225806,-1.399193548,-1.447580645,-1.157258065,-1.987903226,-2.282258065,-1.314516129,-1.217741935,-1.907258065,-1.629032258,-1.52016129,1
-0.68877551,-1.158163265,-1.010204082,-0.908163265,-1.265306122,-0.87244898,-0.93877551,-1.530612245,-0.433673469,-1.178571429,-1.331632653,-0.765306122,-0.551020408,-1.107142857,-1.464285714,-0.806122449,-0.734693878,-1.739795918,-1.239795918,-0.994897959,1
-0.270454545,-0.652272727,-0.490909091,-1.122727273,-0.454545455,-0.622727273,-0.747727273,-1.261363636,-0.429545455,-0.522727273,-0.779545455,-0.540909091,-0.177272727,-0.886363636,-1.081818182,-0.304545455,-0.386363636,-1.579545455,-0.643181818,-0.604545455,1
-0.60733945,-2.88440367,-2.420183486,-3.486238532,-2.321100917,-2.311926606,-2.968807339,-1.746788991,-2.867889908,-0.957798165,-1.267889908,-2.913761468,-0.814678899,-1.119266055,-3.144954128,-1.102752294,-1.08440367,-2.366972477,-2.110091743,-0.957798165,1
-0.668181818,-0.236363636,-0.972727273,-1.454545455,-0.9,-0.472727273,-0.931818182,-1.318181818,-0.736363636,-1.25,-1.2,-0.290909091,-0.881818182,-1.568181818,-0.959090909,-0.354545455,-0.586363636,-1.559090909,-1.045454545,-1.068181818,1
-0.954545455,-0.667748918,-0.715367965,-1.323593074,-1.151515152,-0.602813853,-1.237012987,-1.569264069,-0.651515152,-0.893939394,-1.338744589,-0.612554113,-0.375541126,-1.172077922,-1.186147186,-0.707792208,-0.694805195,-2.130952381,-1.166666667,-0.888528139,1
-0.445564516,-0.737903226,-0.802419355,-0.927419355,-0.256048387,-0.625,-0.721774194,-1.165322581,-0.393145161,-0.625,-0.762096774,-0.681451613,-0.243951613,-1.016129032,-1.346774194,-0.461693548,-0.497983871,-1.669354839,-0.810483871,-0.625,1
-0.893617021,-1.243498818,-1.621749409,-1.472813239,-2.770685579,-1.205673759,-0.921985816,-2.151300236,-2.094562648,-1.319148936,-1.427895981,-0.919621749,-1.134751773,-2.373522459,-2.295508274,-1.007092199,-1.122931442,-3.63356974,-2.38534279,-1.208037825,1
-0.304526749,-0.452674897,-0.50617284,-0.524691358,-0.893004115,-0.115226337,-0.283950617,-0.862139918,-0.296296296,-0.4218107,-0.790123457,-0.528806584,-0.010288066,-0.648148148,-0.761316872,-0.362139918,-0.333333333,-1.901234568,-0.423868313,-0.49382716,1
0.034188034,-0.583333333,-0.980769231,-1.079059829,-1.044871795,-0.517094017,-0.55982906,-1.341880342,-0.341880342,-0.743589744,-0.745726496,-0.929487179,-0.115384615,-1.170940171,-1.521367521,-0.598290598,-0.66025641,-1.158119658,-0.946581197,-0.807692308,1
-0.351351351,-0.825825826,-0.606606607,-0.924924925,-0.213213213,-0.423423423,-0.738738739,-1.186186186,-0.402402402,-0.444444444,-1.003003003,-0.681681682,0.057057057,-0.960960961,-1.15015015,-0.441441441,-0.36036036,-1.357357357,-0.741741742,-0.600600601,1
-1.336065574,-1.133196721,-0.233606557,-1.678278689,-1.323770492,-1.030737705,-1.491803279,-1.854508197,-0.504098361,-0.141393443,-0.590163934,-0.56352459,0.00204918,-0.137295082,-2.116803279,-0.651639344,-0.637295082,-0.889344262,0.254098361,-0.870901639,1
-0.584830339,-2.325349301,-2.506986028,-2.590818363,-2.944111776,-2.131736527,-2.211576846,-2.351297405,-2.367265469,-2.20758483,-2.343313373,-2.459081836,-2.0499002,-3.003992016,-3.105788423,-1.506986028,-1.463073852,-3.898203593,-2.992015968,-1.652694611,1
-0.417910448,-1.184079602,-0.44278607,-0.815920398,-1.965174129,-0.631840796,-1.218905473,-1.169154229,-0.890547264,-1.014925373,-1.243781095,-1.074626866,-0.736318408,-0.736318408,-0.84079602,-0.308457711,-0.243781095,-2.144278607,-1.199004975,-0.76119403,1
-0.344582593,-2.252220249,-2.293072824,-2.527531083,-2.447602131,-2.076376554,-2.51687389,-2.269982238,-1.785079929,-1.809946714,-1.843694494,-2.928952043,-1.463587922,-2.34991119,-2.980461812,-1.605683837,-1.490230906,-3.246891652,-2.555950266,-1.342806394,1
-0.061630219,-0.463220676,-0.735586481,-0.701789264,-0.359840954,-0.552683897,-0.335984095,-0.946322068,-0.161033797,-0.689860835,-0.836978131,-0.662027833,-0.190854871,-0.687872763,-1.097415507,-0.381709742,-0.510934394,-1.208747515,-0.574552684,-0.504970179,1
-0.381818182,-0.96969697,-1.012121212,-1.054545455,-1.709090909,-0.527272727,-0.690909091,-1.521212121,-1.218181818,-0.763636364,-1.224242424,-0.224242424,-0.666666667,-1.763636364,-1.096969697,-0.545454545,-0.454545455,-2.575757576,-1.642424242,-0.660606061,1
-0.621409922,-1.681462141,-1.919060052,-1.992167102,-3.133159269,-1.569190601,-1.535248042,-2.214099217,-1.882506527,-1.365535248,-1.759791123,-1.626631854,-1.007832898,-2.436031332,-2.27154047,-1.237597911,-1.033942559,-3.587467363,-2.378590078,-0.879895561,1
-0.354114713,-0.396508728,-0.458852868,-0.032418953,-2.895261845,-0.009975062,-0.221945137,-1.261845387,-0.760598504,-1.453865337,-1.364089776,-0.596009975,-1.037406484,-1.810473815,0.351620948,0.610972569,0.182044888,-2.63840399,-1.748129676,-1.279301746,1
-0.703296703,-0.611721612,-1.032967033,-1.058608059,-1.19047619,-0.73992674,-0.450549451,-1.827838828,-0.344322344,-1.04029304,-1.205128205,-0.827838828,-0.523809524,-1.091575092,-1.468864469,-0.838827839,-0.765567766,-0.714285714,-0.714285714,-1.15018315,1
-0.037165082,-0.900605013,-0.737251513,-0.886776145,-1.597234226,-0.452895419,-0.561797753,-1.159896283,-0.579948142,-0.796024201,-0.921348315,-0.654278306,-0.484874676,-1.086430424,-1.041486603,-0.347450303,-0.353500432,-1.925669836,-0.834917891,-0.637856525,1
-0.394285714,-0.597142857,-0.502857143,-0.702857143,-0.094285714,-0.608571429,-0.825714286,-0.974285714,-0.062857143,-0.725714286,-1.04,-0.58,-0.197142857,-0.871428571,-0.937142857,-0.337142857,-0.314285714,-1.545714286,-0.62,-0.642857143,1
-0.210970464,-0.310126582,-0.76371308,-0.837552743,-0.700421941,-0.430379747,-0.64556962,-0.938818565,-0.253164557,-0.664556962,-0.843881857,-0.654008439,-0.135021097,-0.816455696,-0.751054852,-0.459915612,-0.400843882,-1.210970464,-0.535864979,-0.717299578,1
-0.613390929,-0.77537797,-1.07775378,-1.006479482,-0.816414687,-0.768898488,-0.762419006,-1.282937365,-0.624190065,-0.676025918,-1.114470842,-0.557235421,-0.464362851,-1.24838013,-1.555075594,-0.669546436,-0.47300216,-1.98488121,-1.220302376,-0.680345572,1
-0.2,-0.327118644,-0.355932203,-0.579661017,-0.233898305,-0.266101695,-0.350847458,-0.845762712,-0.23220339,-0.349152542,-0.781355932,-0.225423729,0.228813559,-0.866101695,-1.03559322,-0.316949153,-0.366101695,-1.484745763,-0.686440678,-0.447457627,1
-0.370212766,-1.042553191,-1.332765957,-1.391489362,-1.82212766,-0.901276596,-0.871489362,-1.551489362,-1.040851064,-1.224680851,-1.320851064,-1.129361702,-0.998297872,-1.771914894,-1.512340426,-0.778723404,-0.752340426,-2.485957447,-1.590638298,-0.874893617,1
-0.345803842,-0.531850354,-0.456016178,-0.745197169,-0.37917088,-0.420626896,-0.503538928,-0.947421638,-0.144590495,-0.496461072,-0.880687563,-0.468149646,-0.12942366,-0.770475228,-0.96562184,-0.288169869,-0.320525784,-1.52578362,-0.462082912,-0.518705763,1
-0.557522124,-0.915929204,-0.951327434,-0.89380531,-1.101769912,-0.721238938,-0.840707965,-1.438053097,-0.654867257,-1.203539823,-1.256637168,-0.597345133,-0.561946903,-1.14159292,-1.137168142,-0.592920354,-0.579646018,-1.380530973,-1.053097345,-0.973451327,1
-1.6328125,-1.234375,-1.0859375,-1.1953125,-2.03125,-0.9375,-0.65625,-1.984375,-1.0625,-1.25,-1.953125,-0.3984375,-0.9453125,-1.7890625,-2.59375,-0.890625,-0.3359375,-2.421875,-1.4921875,-0.875,1
-0.484304933,-0.454409567,-0.581464873,-0.808669656,-1.569506726,-0.156950673,-0.360239163,-1.152466368,-0.5754858,-0.766816143,-0.80568012,-0.146487294,-0.553064275,-0.995515695,-1.270553064,-0.402092676,-0.457399103,-1.440956652,-0.965620329,-0.840059791,1
-0.896666667,-0.695,-0.548333333,-0.97,-1.621666667,-0.798333333,-1.211666667,-1.466666667,-0.543333333,-1.178333333,-1.058333333,-1.261666667,-0.503333333,-0.803333333,-1.068333333,-0.613333333,-0.59,-1.641666667,-0.978333333,-1.178333333,1
-0.784539474,-0.955592105,-0.814144737,-0.914473684,-1.741776316,-0.648026316,-0.684210526,-1.532894737,-0.546052632,-1.072368421,-1.284539474,-0.674342105,-0.861842105,-1.286184211,-1.284539474,-0.769736842,-0.631578947,-1.692434211,-0.978618421,-1.021381579,1
-0.068613139,-0.446715328,-0.840875912,-0.566423358,-1.04379562,-0.618978102,-0.416058394,-0.79270073,-0.408759124,-0.810218978,-0.883211679,-0.64379562,-0.516788321,-1.058394161,-0.902189781,-0.667153285,-0.527007299,-1.183941606,-0.842335766,-0.748905109,1
-0.56,-1.1024,-0.96,-1.1216,-1.7552,-0.8688,-0.936,-1.5632,-0.8016,-0.9312,-1.1792,-0.8208,-0.8224,-1.4192,-1.3664,-0.7088,-0.608,-1.9584,-1.208,-0.8944,1
-0.283454186,-0.505603164,-0.709953856,-0.800263678,-1.406064601,-0.55306526,-0.576796309,-1.011206328,-0.438365194,-0.858932103,-0.969017798,-0.708635465,-0.464733026,-1.141067897,-1.214897825,-0.471984179,-0.528015821,-1.794990112,-0.899802241,-0.754779169,1
-0.432098765,-1.537037037,-0.895061728,-0.981481481,-1.882716049,-1.00617284,-1.024691358,-1.172839506,-0.956790123,-1.074074074,-1.104938272,-0.759259259,-0.944444444,-1.061728395,-1.450617284,-0.567901235,-0.555555556,-2.203703704,-1.358024691,-0.567901235,1
-0.818565401,-1.67721519,-1.696202532,-1.848101266,-3.744725738,-1.415611814,-1.765822785,-1.767932489,-2.434599156,-1.464135021,-1.953586498,-1.696202532,-1.73628692,-2.438818565,-2.128691983,-1.078059072,-1.194092827,-3.721518987,-2.483122363,-1.002109705,1
-1.180685358,-1.903426791,-2.286604361,-2.495327103,-2.791277259,-1.856697819,-1.937694704,-2.601246106,-2.049844237,-1.700934579,-1.691588785,-2.140186916,-2.190031153,-2.750778816,-3.433021807,-1.582554517,-1.744548287,-3.514018692,-2.825545171,-1.716510903,1
-0.380090498,-1.159879336,-0.745098039,-1.167420814,-1.021116139,-1.010558069,-0.962292609,-1.273001508,-0.536953243,-0.784313725,-1.092006033,-0.894419306,-0.544494721,-1.105580694,-1.521870287,-0.62745098,-0.728506787,-1.739064857,-0.819004525,-0.953242836,1
-0.202247191,-0.926966292,-0.867977528,-0.926966292,-0.938202247,-0.696629213,-0.865168539,-1.04494382,-0.536516854,-1.04494382,-1.011235955,-0.971910112,-0.570224719,-1.412921348,-1.174157303,-0.483146067,-0.508426966,-2.202247191,-1.132022472,-0.724719101,1
-1.094488189,-2.157480315,-2.133858268,-2.37007874,-3.645669291,-1.433070866,-1.653543307,-3.094488189,-2.472440945,-1.874015748,-2.086614173,-1.637795276,-1.614173228,-2.748031496,-2.881889764,-1.622047244,-1.566929134,-4.149606299,-2.755905512,-1.393700787,1
-0.71641791,-0.646766169,-0.721393035,-1.631840796,-2.004975124,-1.044776119,-1.243781095,-1.76119403,-0.60199005,-0.970149254,-1.189054726,-0.537313433,-0.661691542,-1.417910448,-1.855721393,-0.686567164,-0.756218905,-1.626865672,-0.900497512,-0.791044776,1
-0.820512821,-2.225641026,-2.338461538,-2.530769231,-2.671794872,-2.271794872,-2.123076923,-2.823076923,-2.01025641,-1.930769231,-2.084615385,-2.494871795,-1.820512821,-2.31025641,-3.153846154,-1.861538462,-1.664102564,-3.679487179,-2.338461538,-1.841025641,1
-0.605809129,-0.784232365,-0.821576763,-1.132780083,-0.941908714,-1.053941909,-0.991701245,-1.10373444,-0.609958506,-0.377593361,-1.107883817,-0.560165975,-0.228215768,-1.290456432,-1.697095436,-0.651452282,-0.589211618,-2.024896266,-1.020746888,-0.68879668,1
0.056426332,-1.73354232,-2.884012539,-2.087774295,-3.163009404,-2.166144201,-2.326018809,-2.210031348,-1.586206897,-2.539184953,-1.824451411,-3.222570533,-1.912225705,-2.824451411,-2.46708464,-1.821316614,-1.667711599,-3.4169279,-2.830721003,-1.620689655,1
-0.118939394,-1.065909091,-1.7,-1.595454545,-2.393181818,-1.127272727,-1.257575758,-1.763636364,-1.34469697,-1.478787879,-1.299242424,-1.587121212,-1.306060606,-2.05,-1.862121212,-0.93030303,-0.953030303,-2.701515152,-2.043939394,-1.117424242,1
-0.575609756,-0.670731707,-1.051219512,-1.012195122,-1.992682927,-0.563414634,-0.534146341,-1.804878049,-0.585365854,-0.985365854,-1.019512195,-0.853658537,-0.887804878,-1.207317073,-1.607317073,-0.843902439,-0.748780488,-1.834146341,-0.819512195,-0.93902439,1
0.041749503,-1.170974155,-1.083499006,-1.188866799,-1.051689861,-1.168986084,-0.960238569,-1.157057654,-0.872763419,-1.13916501,-1.182902584,-1.017892644,-0.928429423,-1.421471173,-1.628230616,-0.630218688,-0.679920477,-1.880715706,-1.387673956,-0.946322068,1
-0.259958071,-1.748427673,-0.880503145,-1.719077568,-1.58490566,-0.924528302,-1.587002096,-0.805031447,-1.201257862,0.123689727,-0.4360587,-1.201257862,0.371069182,0.05870021,-1.285115304,-0.578616352,-0.461215933,-0.937106918,-0.42557652,-0.169811321,1
-1.239892183,-1.76819407,-2.4393531,-2.342318059,-3.371967655,-1.900269542,-1.986522911,-2.630727763,-2.223719677,-2.037735849,-1.978436658,-2.221024259,-1.781671159,-2.814016173,-2.943396226,-1.784366577,-1.638814016,-4.002695418,-3.02425876,-1.58490566,1
0.242857143,-1.157142857,-1.371428571,-1.328571429,-0.961904762,-0.980952381,-0.966666667,-1.114285714,-1.342857143,-0.9,-1.119047619,-1,-0.228571429,-1.447619048,-2.147619048,-0.628571429,-0.642857143,-1.847619048,-1.414285714,-0.823809524,1
-0.738584475,-1.020547945,-0.802511416,-1.043378995,-1.423515982,-0.784246575,-0.642694064,-1.526255708,-0.712328767,-0.913242009,-1.226027397,-0.597031963,-0.833333333,-1.164383562,-1.855022831,-0.71803653,-0.839041096,-2.034246575,-1.107305936,-0.98173516,1
-0.478632479,-0.713675214,-0.700854701,-1.141025641,-1.948717949,-0.658119658,-0.829059829,-1.645299145,-0.97008547,-0.794871795,-0.952991453,0.08974359,-0.47008547,-1.269230769,-1.358974359,-0.448717949,-0.491452991,-2.683760684,-1.354700855,-0.636752137,1
-1.218446602,-0.339805825,-0.660194175,-1.90776699,-2.13592233,-0.665048544,-1.281553398,-2.203883495,-0.737864078,-0.936893204,-1.072815534,-0.033980583,-0.762135922,-0.878640777,-1.757281553,-0.72815534,-0.990291262,-2.344660194,-0.72815534,-1.233009709,1
-1.3,-0.961538462,-1,-2.123076923,-1.584615385,-1.338461538,-1.8,-2.169230769,-1.176923077,-0.546153846,-1.146153846,-0.646153846,-0.853846154,-1.484615385,-2.607692308,-1.030769231,-0.992307692,-2.792307692,-1.276923077,-0.969230769,1
0.349005425,-1.245931284,-1.625678119,-1.820976492,-3.594936709,-0.647377939,-1.30198915,-1.746835443,-1.949367089,-1.730560579,-1.661844485,-1.826401447,-1.153707052,-2.95840868,-3.169981917,-0.564195298,-0.732368897,-3.804701627,-2.918625678,-1.12477396,1
-0.967479675,-0.861788618,-1,-2.414634146,-1.642276423,-1.398373984,-1.93495935,-1.764227642,-1.731707317,-0.593495935,-1.349593496,-0.390243902,-1,-1.650406504,-2.105691057,-0.837398374,-0.918699187,-2.959349594,-1.658536585,-0.723577236,1
-0.327272727,-1.381818182,-0.933333333,-1.76969697,-2.23030303,-0.672727273,-1.012121212,-1.872727273,-1.460606061,-0.812121212,-0.860606061,-0.387878788,-0.496969697,-1.539393939,-2.351515152,-0.642424242,-0.739393939,-2.903030303,-1.56969697,-0.593939394,1
-0.737430168,-0.162011173,-0.832402235,-2.033519553,-2.117318436,-0.74301676,-1.223463687,-2.005586592,-1.044692737,-1.055865922,-1.324022346,-0.089385475,-0.698324022,-1.625698324,-1.988826816,-0.592178771,-0.921787709,-2.748603352,-1.122905028,-1.134078212,1
-0.13836478,-0.93081761,-1.054507338,-1.182389937,-2.350104822,-0.849056604,-1.373165618,-1.136268344,-0.93081761,-1.13836478,-0.98951782,-1.400419287,-0.79245283,-1.291404612,-1.352201258,-0.570230608,-0.433962264,-1.088050314,-1,-0.878406709,1
-0.164983165,-1.601571268,-1.434343434,-1.703703704,-1.508417508,-1.41301908,-1.320987654,-1.663299663,-1.499438833,-1.063973064,-1.379349046,-1.337822671,-0.932659933,-1.960718294,-2.140291807,-0.85634119,-0.801346801,-2.988776655,-1.748597082,-0.953984287,1
-0.081272085,-1,-0.922261484,-0.780918728,-1.441696113,-0.64664311,-0.664310954,-1.159010601,-0.537102473,-0.978798587,-1.201413428,-0.713780919,-0.586572438,-1.067137809,-1.053003534,-0.441696113,-0.416961131,-1.568904594,-0.840989399,-0.657243816,1
-0.473529412,-0.688235294,-0.561764706,-0.979411765,-0.176470588,-0.738235294,-0.782352941,-1.017647059,-0.147058824,-0.517647059,-1.041176471,-0.764705882,0.008823529,-0.944117647,-1.597058824,-0.538235294,-0.594117647,-1.461764706,-0.588235294,-0.635294118,1
-0.629482072,-0.864541833,-0.908366534,-1.231075697,-0.270916335,-0.972111554,-0.932270916,-1.585657371,-0.458167331,-0.629482072,-1.11752988,-0.858565737,-0.12749004,-1.11752988,-1.663346614,-0.679282869,-0.575697211,-1.71314741,-1.047808765,-0.695219124,1
-0.413483146,-0.898876404,-0.256179775,-0.674157303,-0.766292135,-0.591011236,-0.548314607,-1.224719101,-0.096629213,-0.570786517,-0.788764045,-0.656179775,-0.312359551,-0.379775281,-1.382022472,-0.530337079,-0.593258427,-1.033707865,-0.440449438,-0.856179775,1
-0.487640449,-0.714606742,-0.880898876,-0.91011236,-0.406741573,-0.813483146,-0.820224719,-1.415730337,0.164044944,-0.946067416,-1.094382022,-1.146067416,-0.179775281,-0.759550562,-1.440449438,-0.716853933,-0.640449438,-0.838202247,-0.626966292,-1.011235955,1
-0.50974026,-1.314935065,-1.668831169,-1.711038961,-1.142857143,-1.672077922,-1.487012987,-1.512987013,-0.75974026,-1.094155844,-1.467532468,-1.542207792,-0.821428571,-1.737012987,-2.038961039,-1.051948052,-1.064935065,-2.175324675,-1.415584416,-1.097402597,1
-0.233490566,-0.462264151,-0.75,-0.759433962,-0.514150943,-0.474056604,-0.462264151,-1.063679245,-0.021226415,-0.693396226,-1.002358491,-0.594339623,-0.077830189,-0.929245283,-1.308962264,-0.554245283,-0.466981132,-1.375,-0.525943396,-0.54009434,1
-0.703910615,-0.865921788,-1.279329609,-1.016759777,-1.547486034,-0.927374302,-0.731843575,-1.92178771,-1.061452514,-0.603351955,-0.921787709,-0.765363128,-0.737430168,-1.502793296,-1.843575419,-0.927374302,-0.648044693,-2.703910615,-1.284916201,-0.586592179,1
-0.466200466,-2.032634033,-2.221445221,-2.184149184,-3.533799534,-1.745920746,-1.559440559,-2.263403263,-2.365967366,-1.634032634,-2.058275058,-1.773892774,-1.65967366,-3.018648019,-2.202797203,-1.272727273,-1.104895105,-4.221445221,-3.086247086,-0.993006993,1
-0.605678233,-1.138801262,-0.365930599,-0.8170347,-1.492113565,-0.552050473,-0.996845426,-1.416403785,-0.353312303,-0.955835962,-1.230283912,-0.981072555,-0.255520505,-0.731861199,-1.365930599,-0.466876972,-0.205047319,-1.394321767,-0.34384858,-0.810725552,1
-0.424686192,-0.682008368,-0.872384937,-0.918410042,-0.445606695,-0.665271967,-0.826359833,-1.332635983,0.158995816,-0.972803347,-1.075313808,-1.09623431,-0.167364017,-0.820083682,-1.378661088,-0.679916318,-0.581589958,-0.771966527,-0.642259414,-0.960251046,1
-0.138418079,-0.892655367,-0.661016949,-0.929378531,-1.115819209,-0.562146893,-0.516949153,-1.127118644,-0.418079096,-0.711864407,-1.028248588,-0.598870056,-0.149717514,-1.161016949,-1.412429379,-0.584745763,-0.596045198,-1.838983051,-0.723163842,-0.68079096,1
-1.257142857,-0.595918367,-0.151020408,-1.404081633,-1.791836735,-1.008163265,-0.702040816,-1.689795918,-0.840816327,-0.816326531,-1.416326531,0.375510204,-1.114285714,-1.4,-2.297959184,-0.583673469,-0.808163265,-1.991836735,-0.47755102,-1.52244898,1
0.021592443,-0.421052632,-0.813765182,-0.829959514,-1.817813765,-0.407557355,-0.546558704,-1.076923077,-0.781376518,-1.122807018,-0.966261808,-0.728744939,-0.85560054,-1.465587045,-1.093117409,-0.465587045,-0.462887989,-2.035087719,-1.276653171,-0.816464238,1
-0.483394834,-0.926199262,-0.793357934,-1.066420664,-0.822878229,-0.686346863,-0.826568266,-1.542435424,-0.306273063,-0.516605166,-0.985239852,-0.601476015,-0.343173432,-1.055350554,-1.324723247,-0.79704797,-0.619926199,-1.715867159,-0.704797048,-0.763837638,1
-0.014705882,-0.752941176,-1.205882353,-1.026470588,-2.038235294,-0.964705882,-1.335294118,-0.979411765,-0.661764706,-1.441176471,-1.332352941,-1.617647059,-0.614705882,-1.15,-1.088235294,-0.782352941,-0.626470588,-1.052941176,-0.908823529,-1.002941176,1
-0.223880597,-0.491471215,-0.498933902,-0.515991471,-0.83901919,-0.445628998,-0.42750533,-0.823027719,-0.348614072,-0.623667377,-0.907249467,-0.514925373,-0.350746269,-0.911513859,-0.621535181,-0.365671642,-0.297441365,-1.601279318,-0.675906183,-0.517057569,1
-0.788069074,-0.940345369,-0.587127159,-1.136577708,-1.8288854,-0.810047096,-0.530612245,-2.373626374,-0.874411303,-0.557299843,-0.566718995,-0.525902669,-0.824175824,-1.003139717,-2.673469388,-1.064364207,-1.405023548,-2.018838305,-0.064364207,-1.381475667,1
-0.374045802,-0.846237732,0.252998909,-0.628135224,-2.489640131,-0.218102508,-0.728462377,-0.810250818,-0.723009815,-0.645583424,-1.278080698,-0.011995638,-0.851690294,-1.183206107,-1.243184297,-0.123227917,0.269356598,-1.046892039,0.187568157,-0.495092694,1
-0.014736842,-0.722105263,-0.930526316,-0.964210526,-1.16,-0.486315789,-0.675789474,-1.267368421,-0.225263158,-0.692631579,-0.770526316,-0.966315789,-0.016842105,-1.042105263,-1.629473684,-0.642105263,-0.576842105,-1.124210526,-0.861052632,-0.757894737,1
-0.623188406,-1.028985507,-0.512077295,-1.062801932,-0.922705314,-0.54589372,-0.777777778,-1.444444444,-0.222222222,-0.956521739,-0.985507246,-0.700483092,-0.309178744,-0.68115942,-1.560386473,-0.729468599,-0.811594203,-0.913043478,-0.338164251,-1.028985507,1
-0.256521739,-0.682608696,-0.384782609,-0.708695652,-0.67826087,-0.430434783,-0.395652174,-0.941304348,-0.447826087,-0.636956522,-0.902173913,-0.280434783,-0.408695652,-0.910869565,-1.07826087,-0.191304348,-0.336956522,-1.72173913,-0.77173913,-0.743478261,1
-0.201834862,-1.168195719,-1.220183486,-1.363914373,-0.596330275,-1.152905199,-1.067278287,-1.180428135,-0.559633028,-0.688073394,-1.006116208,-1.412844037,-0.03058104,-0.98470948,-1.565749235,-0.779816514,-0.642201835,-1.672782875,-0.834862385,-0.626911315,1
-0.045751634,-1.40087146,-1.206971678,-1.392156863,-1.31372549,-1.233115468,-1.050108932,-1.278867102,-1.108932462,-1.132897603,-1.178649237,-1.019607843,-1.093681917,-1.62962963,-1.962962963,-0.716775599,-0.681917211,-2.437908497,-1.507625272,-0.997821351,1
-0.757009346,-0.945482866,-0.912772586,-0.96105919,-1.394080997,-0.77258567,-0.565420561,-1.931464174,-0.872274143,-0.92834891,-1.352024922,-0.563862928,-0.652647975,-1.440809969,-2.051401869,-0.813084112,-0.778816199,-2.412772586,-1.216510903,-0.975077882,1
-0.852459016,-1.721311475,-1.819672131,-1.762295082,-2.43442623,-1.713114754,-1.770491803,-2.327868852,-1.606557377,-1.385245902,-1.737704918,-1.368852459,-1.532786885,-1.803278689,-2.795081967,-1.385245902,-1.352459016,-2.93442623,-1.893442623,-1.221311475,1
-0.391304348,-0.539130435,-0.553623188,-0.808695652,-0.066666667,-0.594202899,-0.907246377,-0.965217391,0.12173913,-0.669565217,-1.002898551,-0.527536232,0,-0.826086957,-1.002898551,-0.315942029,-0.289855072,-1.452173913,-0.539130435,-0.649275362,1
-1.264069264,-1.852813853,-2.393939394,-2.467532468,-3.121212121,-1.96969697,-1.83982684,-2.779220779,-1.662337662,-2.004329004,-1.930735931,-2.251082251,-2.025974026,-2.718614719,-3.640692641,-1.948051948,-1.666666667,-3.151515152,-2.536796537,-2,1
-0.365079365,-1.273809524,-0.73015873,-1.095238095,-0.55952381,-0.718253968,-0.853174603,-1.337301587,-0.777777778,-0.694444444,-1.063492063,-0.781746032,-0.420634921,-0.972222222,-1.583333333,-0.599206349,-0.702380952,-1.488095238,-0.952380952,-0.892857143,1
-0.980952381,-1.585714286,-0.884126984,-1.250793651,-3.336507937,-1.096825397,-1.201587302,-2.479365079,-1.374603175,-1.322222222,-1.557142857,-1.157142857,-0.814285714,-1.507936508,-2.582539683,-1.074603175,-1.096825397,-2.265079365,-1.061904762,-1.541269841,1
-0.194539249,-0.945392491,-0.692832765,-0.962457338,-0.655290102,-0.645051195,-0.607508532,-1.167235495,-0.167235495,-0.658703072,-1.122866894,-0.655290102,-0.051194539,-1,-1.597269625,-0.754266212,-0.607508532,-1.764505119,-0.539249147,-0.76109215,1
-0.473304473,-0.767676768,-0.924963925,-0.936507937,-1.005772006,-0.698412698,-0.581529582,-1.284271284,-0.372294372,-0.776334776,-1.213564214,-0.864357864,-0.305916306,-1.075036075,-1.393939394,-0.597402597,-0.494949495,-1.975468975,-1.106782107,-0.705627706,1
-0.786432161,-1.329145729,-1.773869347,-1.768844221,-1.77638191,-1.527638191,-1.371859296,-1.889447236,-1.515075377,-0.83919598,-1.389447236,-1.190954774,-1.067839196,-1.909547739,-2.304020101,-1.17839196,-0.806532663,-3.16080402,-2.155778894,-0.748743719,1
-0.094936709,-1.071729958,-1.198312236,-1.345991561,-1.331223629,-0.991561181,-1.128691983,-1.213080169,-0.947257384,-1.126582278,-1.111814346,-1.122362869,-0.375527426,-1.375527426,-1.85021097,-0.732067511,-0.814345992,-2.141350211,-1.362869198,-0.888185654,1
-0.233913043,-1.817391304,-0.595652174,-0.722608696,-3.292173913,-1.160869565,-1.151304348,-0.993043478,-1.784347826,-1.222608696,-1.54,-1.112173913,-1.471304348,-1.597391304,-1.306956522,-0.271304348,-0.166956522,-2.479130435,-1.040869565,-0.72,1
-0.552238806,-1.256716418,-0.394029851,-1.474626866,-3.014925373,-0.531343284,-1.388059701,-1.462686567,-1.164179104,-1.035820896,-1.650746269,-0.579104478,-1.301492537,-1.979104478,-1.423880597,-0.226865672,-0.092537313,-2.023880597,-0.937313433,-0.770149254,1
-0.313978495,-1.094623656,0.69390681,-0.221505376,-2.789247312,0.114695341,-0.3390681,-0.880286738,-0.906810036,-1.080286738,-1.588530466,-0.037275986,-1.248028674,-1.63655914,-1.084587814,0.26953405,0.52688172,-1.853046595,-0.300358423,-0.743369176,1
-0.878524946,-1.379609544,-2.720173536,-2.572668113,-3.776572668,-1.986984816,-2.225596529,-2.845986985,-1.631236443,-2.299349241,-1.620390456,-2.652928416,-1.422993492,-2.522776573,-2.704989154,-1.8329718,-1.431670282,-3.629067245,-2.965292842,-1.798264642,1
-0.585403727,-0.872670807,-1.236024845,-1.372670807,-2.498447205,-0.877329193,-0.748447205,-1.636645963,-1.430124224,-0.958074534,-1.124223602,-0.804347826,-0.618012422,-1.532608696,-1.866459627,-0.799689441,-0.804347826,-2.548136646,-1.464285714,-0.948757764,1
-0.504273504,-1.094017094,-1.598290598,-2,-1.230769231,-1.042735043,-1.076923077,-2.307692308,-1.572649573,-1.162393162,-1.341880342,-0.11965812,-0.914529915,-2.282051282,-2.188034188,-0.820512821,-0.829059829,-3.598290598,-1.965811966,-0.829059829,1
-0.921568627,-0.735294118,-0.980392157,-1,-1.519607843,-0.720588235,-0.578431373,-1.25,-0.632352941,-0.529411765,-1.073529412,-0.651960784,-0.769607843,-0.852941176,-1.303921569,-0.651960784,-0.593137255,-1.799019608,-0.56372549,-0.941176471,1
-0.26566416,-0.844611529,-1.027568922,-1.007518797,-1.651629073,-0.65914787,-0.676691729,-1.047619048,-1.067669173,-0.992481203,-1.062656642,-0.686716792,-0.629072682,-1.418546366,-1.05764411,-0.388471178,-0.431077694,-2.192982456,-1.215538847,-0.769423559,1
-0.224422442,-0.834983498,-1.280528053,-1.260726073,-1.561056106,-1.03960396,-0.759075908,-1.396039604,-1.217821782,-1.112211221,-1.237623762,-1.132013201,-1.145214521,-1.653465347,-1.547854785,-0.673267327,-0.765676568,-2.633663366,-1.683168317,-0.739273927,1
0.050813008,-0.172764228,-1.292682927,-1.162601626,-1.111788618,-0.87601626,-0.894308943,-0.804878049,-0.308943089,-1.020325203,-1.022357724,-1.31300813,-0.713414634,-1.394308943,-1.058943089,-0.855691057,-0.589430894,-1.441056911,-1.243902439,-0.711382114,1
-0.386010363,-1.652849741,-2.950777202,-2.766839378,-2.932642487,-2.398963731,-2.341968912,-1.945595855,-1.549222798,-2.277202073,-1.971502591,-3.251295337,-2,-2.748704663,-3.056994819,-1.761658031,-1.580310881,-3.082901554,-2.766839378,-1.624352332,1
-0.669916435,-0.901114206,-0.632311978,-0.727019499,-1.682451253,-1.016713092,-0.977715877,-1.26183844,-0.441504178,-1.41086351,-1.364902507,-1.217270195,-0.844011142,-0.954038997,-1.389972145,-0.889972145,-0.807799443,-1.122562674,-0.597493036,-1.257660167,1
-0.817869416,-1.228522337,-0.52233677,-1.219931271,-2.147766323,-0.749140893,-1.250859107,-1.431271478,-1.249140893,-0.56185567,-0.969072165,-1.096219931,-0.841924399,-1.245704467,-1.240549828,-0.097938144,0.003436426,-2.274914089,-0.718213058,-0.692439863,1
-0.565149137,-1.84144427,-1.293563579,-1.849293564,-2.164835165,-1.331240188,-1.403453689,-1.554160126,-1.57299843,-0.208791209,-0.739403454,-1.081632653,-0.324960754,-0.907378336,-2.01255887,-0.806907378,-0.794348509,-2.753532182,-1.191522763,-0.593406593,0
-0.65738758,-0.749464668,-0.695931478,-1.119914347,-1.30620985,-0.565310493,-0.745182013,-2.057815846,-0.44111349,-0.670235546,-0.989293362,-0.655246253,-0.366167024,-0.935760171,-1.777301927,-0.653104925,-0.618843683,-1.980728051,-0.884368308,-0.995717345,0
-0.003546099,-0.159574468,-1.85106383,-1.276595745,-1.411347518,-0.907801418,-1.039007092,-1.343971631,-0.007092199,-1.315602837,-1.035460993,-1.539007092,-0.929078014,-1.336879433,-1.241134752,-1.14893617,-0.833333333,-0.879432624,-1.166666667,-1.039007092,0
0,-2.73540856,-2.315175097,-2.972762646,-1.431906615,-2.26848249,-2.595330739,-0.785992218,-1.894941634,0.163424125,0.050583658,-2.552529183,0.163424125,-0.046692607,-2.501945525,-0.626459144,-0.782101167,-1.412451362,-1.431906615,-0.20233463,0
-0.162528217,-1.715575621,-1.295711061,-2.085778781,-1.404063205,-1.345372461,-1.74717833,-0.993227991,-1.593679458,0.376975169,0.004514673,-1.471783296,0.099322799,0.06772009,-1.507900677,-0.322799097,-0.275395034,-1.221218962,-0.62979684,0.009029345,0
-1.215189873,-1.313291139,-1.67721519,-1.53164557,-2.917721519,-1.329113924,-1.243670886,-2.598101266,-0.705696203,-0.424050633,-0.579113924,-1.857594937,-0.594936709,-0.984177215,-3.006329114,-1.306962025,-1.053797468,-2.477848101,-1.357594937,-0.984177215,0
-0.25284738,-2.268792711,-1.646924829,-2.599088838,-1.555808656,-1.783599089,-2.323462415,-1.120728929,-1.977220957,0.08428246,-0.266514806,-1.838268793,0.027334852,-0.061503417,-2.020501139,-0.603644647,-0.462414579,-1.692482916,-0.895216401,-0.150341686,0
0.042084168,-1.342685371,-1.136272545,-1.711422846,-0.97995992,-1.156312625,-1.547094188,-0.693386774,-1.062124249,0.114228457,-0.306613226,-1.308617234,0.20240481,0.026052104,-1.30260521,-0.308617234,-0.248496994,-0.392785571,-0.719438878,0.012024048,0
-0.330948122,-2.626118068,-2.778175313,-3.348837209,-2.613595707,-2.506261181,-3.105545617,-1.940966011,-2.534883721,-0.506261181,-0.640429338,-2.745974955,-0.908765653,-1.212880143,-2.665474061,-1.143112701,-1.118067979,-2.846153846,-2.366726297,-0.407871199,0
-0.070048309,-2.173913043,-1.707729469,-2.487922705,-1.630434783,-1.729468599,-2.29468599,-1.130434783,-2.062801932,0.260869565,-0.09178744,-1.871980676,0.34057971,-0.403381643,-1.845410628,-0.628019324,-0.314009662,-1.973429952,-1.468599034,0.079710145,0
-0.648023144,-2.160077146,-2.285438766,-2.642237223,-4.256509161,-1.756991321,-2.25265188,-2.322082932,-3.307618129,-0.932497589,-1.176470588,-2.441658631,-0.921890068,-2.007714561,-3.088717454,-1.143683703,-0.94021215,-3.956605593,-2.537126326,-0.713596914,0
0.156996587,-2.327645051,-2.153583618,-3.242320819,-1.563139932,-1.873720137,-2.764505119,-0.802047782,-2.034129693,0.109215017,0.296928328,-2.470989761,0.139931741,0.109215017,-1.921501706,-0.61774744,-0.443686007,-0.559726962,-1.153583618,-0.061433447,0
-0.457364341,-1.69379845,-1.686046512,-2.430232558,-1.38372093,-1.372093023,-1.736434109,-1.608527132,-1.697674419,0.23255814,-0.120155039,-1.65503876,0.228682171,0.46124031,-1.841085271,-0.817829457,-0.604651163,-0.255813953,-0.364341085,-0.286821705,0
-0.259958071,-1.748427673,-0.880503145,-1.719077568,-1.58490566,-0.924528302,-1.587002096,-0.805031447,-1.201257862,0.123689727,-0.4360587,-1.201257862,0.371069182,0.05870021,-1.285115304,-0.578616352,-0.461215933,-0.937106918,-0.42557652,-0.169811321,0
-0.792569659,-2.043343653,-1.405572755,-1.690402477,-2.238390093,-1.281733746,-1.13622291,-2.318885449,-2.018575851,-1.046439628,-1.399380805,-1.145510836,-0.866873065,-2.046439628,-2.647058824,-1.139318885,-1.003095975,-3.842105263,-1.950464396,-1.034055728,0
0.293877551,-2.028571429,-1.86122449,-2.583673469,-1.510204082,-1.751020408,-2.33877551,-0.975510204,-1.67755102,-0.167346939,-0.126530612,-2.093877551,0.195918367,-0.167346939,-1.481632653,-0.473469388,-0.53877551,-1.13877551,-1.020408163,-0.216326531,0
-0.78516624,-0.483375959,-0.584398977,-0.939897698,-0.534526854,-0.303069054,-0.57544757,-1.439897698,-0.126598465,-0.506393862,-0.644501279,-0.552429668,-0.065217391,-0.117647059,-0.867007673,-0.450127877,-0.491048593,-0.223785166,-0.046035806,-0.677749361,0
-0.080357143,-1.446428571,-1.082142857,-1.664285714,-1.053571429,-1.091071429,-1.396428571,-0.903571429,-1.192857143,0.019642857,-0.335714286,-1.226785714,0.235714286,-0.558928571,-1.216071429,-0.358928571,-0.166071429,-1.425,-1.005357143,-0.0875,0
-1.189910979,-2.504451039,-2.089020772,-3.415430267,-0.658753709,-2.587537092,-3.261127596,-2.703264095,-2.014836795,-0.3115727,-0.667655786,-2.896142433,-0.40652819,-0.442136499,-2.727002967,-0.910979228,-0.682492582,-1.777448071,-1.127596439,-0.433234421,0
-0.619047619,-0.626190476,-0.55952381,-1.254761905,-2.376190476,-0.521428571,-1.176190476,-0.764285714,-1.15,-1.930952381,-2.121428571,-1.007142857,-0.961904762,-1.635714286,-0.661904762,-0.261904762,-0.952380952,-2.854761905,-1.161904762,-1.45952381,0
-0.659003831,-0.636015326,-0.517241379,-0.973180077,-2.14559387,0.333333333,-0.444444444,-1.980842912,-0.850574713,-0.701149425,-1.042145594,-0.513409962,-0.32183908,-1.685823755,-2.666666667,-0.432950192,-0.528735632,-2.91954023,-1.586206897,-0.91954023,0
-0.612903226,0.143548387,-0.330645161,-0.803225806,-1.698387097,0.227419355,0.327419355,-1.924193548,-0.424193548,-0.966129032,-0.785483871,0.325806452,-0.403225806,-1.883870968,-1.348387097,0.033870968,-0.309677419,-2.901612903,-1.527419355,-1.062903226,0
-0.424686192,-2.612970711,-2.163179916,-3.236401674,-1.043933054,-2.215481172,-2.916317992,-1.382845188,-2.357740586,-0.424686192,-0.669456067,-2.631799163,-0.280334728,-0.372384937,-2.248953975,-0.546025105,-0.587866109,-1.887029289,-1.449790795,-0.558577406,0
-0.255813953,-1.327370304,-0.903398927,-1.60822898,-0.474060823,-0.960644007,-1.513416816,-0.874776386,-0.899821109,-0.096601073,-0.220035778,-1.407871199,0.114490161,0.177101968,-1.007155635,-0.132379249,-0.27549195,-0.669051878,-0.209302326,-0.288014311,0
-0.534375,-0.528125,-0.64375,-0.54375,-2.29375,-0.48125,-0.3,-1.215625,-1.13125,-1.478125,-1.61875,-0.325,-0.878125,-1.621875,-1.084375,-0.39375,-0.496875,-2.503125,-1.353125,-1.109375,0
-0.01826484,-0.410958904,-0.607305936,-0.575342466,-1.630136986,-0.461187215,-0.474885845,-0.716894977,-0.97260274,-1.438356164,-1.429223744,0.01369863,-0.96347032,-1.739726027,-0.730593607,-0.04109589,-0.237442922,-2.525114155,-1.566210046,-1.095890411,0
-0.837962963,1.025462963,-0.287037037,0.300925926,-2.520833333,-0.041666667,0.594907407,-1.284722222,-0.335648148,-1.914351852,-1.789351852,0.351851852,-1.138888889,-2.337962963,-1.393518519,0.002314815,-0.826388889,-2.719907407,-1.398148148,-1.789351852,0
-0.48186946,-0.448831587,-0.741337631,-0.680096696,-1.105560032,-0.338436745,-0.273972603,-0.962127317,-0.030620467,-0.827558421,-0.797743755,-0.57292506,-0.381144239,-0.877518131,-0.014504432,-0.087026591,-0.307816277,-1.626913779,-0.955680902,-0.756647865,0
-1.441176471,-1.042780749,-1.139037433,-1.79144385,-2.941176471,-0.949197861,-1.28342246,-1.820855615,-0.938502674,-1.590909091,-1.740641711,-1.475935829,-2.045454545,-1.898395722,-1.299465241,0.288770053,-0.197860963,-1.663101604,-1.449197861,-0.930481283,0
-0.560271647,-0.424448217,-0.173174873,-0.631578947,-0.796264856,-0.146010187,-0.584040747,-1.076400679,0.149405772,-1.071307301,-1.300509338,-0.358234295,0.003395586,-0.79286927,-0.626485569,-0.198641766,-0.470288625,-1.702886248,-0.511035654,-0.984719864,0
-0.768374165,-0.416481069,-0.74610245,-0.848552339,-1.265033408,-0.550111359,-0.76169265,-0.964365256,-0.220489978,-1.349665924,-1.592427617,-0.732739421,-0.198218263,-1.033407572,-0.877505568,-0.570155902,-0.808463252,-1.915367483,-0.828507795,-1.122494432,0
-1.097222222,-0.381944444,-0.4375,-0.375,-2.430555556,-0.472222222,0.006944444,-1.381944444,-1.152777778,-1.236111111,-1.5,0.194444444,-1.069444444,-1.861111111,-1.6875,-0.673611111,-0.819444444,-2.423611111,-1.618055556,-1.111111111,0
-0.352595495,-0.836434868,-0.611165524,-1.033300686,-0.901077375,-0.656219393,-0.854064643,-0.861900098,-0.464250735,-0.354554358,-0.597453477,-0.953966699,0.073457395,-0.342801175,-0.789422135,-0.14201763,-0.216454456,-0.886385896,-0.535749265,-0.436826641,0
-0.993055556,1.673611111,-0.802083333,-0.065972222,-2.947916667,-0.940972222,-0.579861111,-0.708333333,-0.420138889,-2.746527778,-2.708333333,-0.548611111,-1.947916667,-2.239583333,-0.003472222,0.489583333,-1.111111111,-3.024305556,-0.378472222,-2.222222222,0
-0.326599327,-0.414141414,-0.63973064,-0.663299663,-1.841750842,0.111111111,0.006734007,-1.582491582,-0.585858586,-1.097643098,-1.097643098,-0.235690236,-0.407407407,-1.474747475,-0.727272727,-0.265993266,-0.393939394,-2.744107744,-1.417508418,-1.013468013,0
-0.422222222,-0.485185185,-0.365432099,-0.832098765,-1.567901235,-0.002469136,-0.460493827,-1.288888889,-0.14691358,-1.085185185,-1.197530864,-0.517283951,-0.430864198,-1.362962963,-0.648148148,0.22962963,-0.250617284,-2.162962963,-1.180246914,-0.997530864,0
-0.469172932,-0.37593985,-0.918796992,-0.721804511,-1.945864662,0.181954887,0.667669173,-1.458646617,-0.962406015,-1.652631579,-1.530827068,0.106766917,-1.016541353,-2.497744361,-0.917293233,-0.193984962,-0.482706767,-2.694736842,-1.891729323,-1.272180451,0
-0.38028169,-0.309859155,-0.321126761,-0.707042254,-1.94084507,0.388732394,-0.304225352,-1.495774648,-0.487323944,-0.769014085,-0.918309859,-0.408450704,-0.188732394,-1.374647887,-1.574647887,-0.061971831,-0.236619718,-2.34084507,-1.092957746,-0.946478873,0
-0.843902439,-1.151219512,-1.004878049,-1.185365854,-1.512195122,-0.531707317,-0.902439024,-2.258536585,-0.892682927,-0.931707317,-1.048780488,-0.907317073,-0.882926829,-1.268292683,-1.463414634,-0.517073171,-0.36097561,-2.424390244,-1.185365854,-0.775609756,0
-0.676348548,-1.354771784,-0.433609959,-1.296680498,-2.294605809,-0.417012448,-0.582987552,-2.834024896,-0.968879668,-1.360995851,-0.782157676,-0.377593361,-1.605809129,-1.877593361,-3.477178423,-1.290456432,-2.06846473,-2.630705394,-0.365145228,-2.354771784,0
0.123393316,-1.665809769,-1.709511568,-2.35218509,-1.267352185,-1.444730077,-2.066838046,-0.971722365,-1.570694087,-0.4781491,-0.100257069,-1.93059126,-0.367609254,-0.429305913,-1.372750643,-0.413881748,-0.470437018,-0.871465296,-0.964010283,-0.321336761,0
-0.908304498,-1.169550173,-0.903114187,-0.989619377,-1.223183391,-0.48615917,-0.448096886,-1.252595156,-0.707612457,-1.089965398,-0.693771626,-0.915224913,-0.892733564,-1.212802768,-0.197231834,0.247404844,-0.176470588,-1.531141869,-1.143598616,-0.756055363,0
-1.079409049,-1.038781163,-1.125577101,-1.397968606,-1.870729455,-0.801477378,-1.121883657,-2.282548476,-0.992613112,-1.16066482,-0.751615882,-1.253924284,-0.913204063,-1.189289012,-1.898430286,-0.56232687,-0.926131117,-2.335180055,-1.421052632,-1.242843952,0
-0.655518395,-0.327759197,-0.45819398,-0.571906355,-0.588628763,-0.197324415,-0.170568562,-1.525083612,0.046822742,-0.806020067,-1.107023411,0.046822742,0.030100334,-1.20735786,-1.140468227,-0.334448161,-0.347826087,-1.548494983,-0.769230769,-0.7090301,0
-0.50310559,-1.81573499,-1.291925466,-2.118012422,-0.583850932,-1.577639752,-1.925465839,-1.322981366,-1.447204969,0.057971014,-0.347826087,-1.699792961,-0.002070393,-0.053830228,-1.660455487,-0.283643892,-0.387163561,-1.217391304,-0.732919255,-0.196687371,0
-0.919896641,-0.790697674,-0.100775194,-0.48126615,-0.124677003,0.146640827,-0.253875969,-1.281653747,-0.390180879,-1.291989664,-1.313953488,-0.020671835,-0.873385013,-1.511627907,-0.299095607,0.292635659,-0.002583979,-2.777131783,-1.294573643,-1.036175711,0
-0.908077994,-0.520891365,-0.6545961,-0.671309192,-1.08913649,-0.292479109,-0.250696379,-1.568245125,-0.247910864,-1.08356546,-1.395543175,-0.323119777,-0.462395543,-1.150417827,-0.986072423,-0.376044568,-0.554317549,-1.579387187,-0.640668524,-1.100278552,0
-0.447140381,-1.43847487,-1.128249567,-1.824956672,-0.589254766,-1.223570191,-1.781629116,-1.133448873,-1.025996534,-0.483535529,-0.575389948,-1.564991334,-0.08492201,-0.287694974,-1.402079723,-0.386481802,-0.518197574,-0.883882149,-0.729636049,-0.45407279,0
-1.016,-0.904,-0.842,-1.34,-1.988,-0.948,-1.226,-1.968,-0.472,-0.924,-0.93,-0.97,-0.822,-0.838,-1.462,-0.642,-0.832,-1.922,-0.768,-0.828,0
-0.71902834,-0.48582996,-0.99757085,-1.191093117,-3.459919028,-0.050202429,0.147368421,-2.752226721,-1.586234818,-1.378947368,-1.239676113,-0.003238866,-1.447773279,-2.693927126,-3.689878543,-0.926315789,-1.15951417,-4.052631579,-2.493117409,-1.625101215,0
-0.472945892,-0.611222445,-0.476953908,-0.749498998,-2.038076152,-0.286573146,-0.304609218,-1.23246493,-0.931863727,-0.9498998,-0.981963928,-0.142284569,-0.573146293,-1.420841683,-1.575150301,-0.154308617,-0.561122244,-2.74749499,-1.340681363,-1.036072144,0
-0.429616088,-1.411334552,-0.967093236,-1.531992687,-0.297989031,-1.115173675,-1.588665448,-0.983546618,-0.846435101,0.012797075,-0.347349177,-1.550274223,0.182815356,0.073126143,-1.179159049,-0.148080439,-0.221206581,-0.78976234,-0.57952468,-0.146252285,0
-0.225621415,-0.875717017,-0.638623327,-1.143403442,-1.414913958,-0.630975143,-1.07456979,-1.017208413,-0.810707457,-0.573613767,-0.508604207,-1.143403442,-0.435946463,-0.783938815,-1.011472275,0.07456979,-0.110898662,-1.850860421,-0.690248566,-0.500956023,0
-0.79137931,-0.932758621,-0.65862069,-1.162068966,-1.256896552,-0.706896552,-1.05862069,-1.7,-0.682758621,-0.220689655,-0.381034483,-1.013793103,-0.046551724,0.15862069,-1.605172414,-0.367241379,-0.403448276,-1.236206897,-0.127586207,-0.436206897,0
-0.694797688,-0.516763006,-0.403468208,-0.806936416,-1.487861272,-0.460115607,-0.61734104,-1.502890173,-0.238150289,-0.825433526,-0.906358382,-0.473988439,-0.697109827,-0.784971098,-0.922543353,-0.262427746,-0.507514451,-1.354913295,-0.566473988,-0.853179191,0
-0.791710946,-0.670563231,-0.477151966,-0.678002125,-0.961742827,-0.329436769,-0.478214665,-1.77151966,-0.248671626,-0.524973433,-0.583421892,-0.403825717,-0.367693943,-0.764080765,-1.381509033,-0.330499469,-0.568544102,-1.845908608,-0.552603613,-0.833156217,0
-0.708219178,-1.347945205,-1.076712329,-1.719178082,-0.431506849,-1.110958904,-1.520547945,-1.123287671,-0.932876712,-0.284931507,-0.510958904,-1.369863014,-0.04109589,-0.136986301,-0.97260274,-0.363013699,-0.419178082,-0.378082192,-0.530136986,-0.465753425,0
-1.223140496,-0.876033058,-1.115702479,-1.347107438,-1.537190083,-0.702479339,-0.925619835,-2.198347107,-0.661157025,-1.272727273,-1.272727273,-0.561983471,-0.685950413,-1.165289256,-1.702479339,-0.661157025,-0.859504132,-2.719008264,-0.925619835,-1.231404959,0
-0.463963964,-0.864864865,-0.594594595,-0.851351351,-1.63963964,-0.653153153,-0.54954955,-1.36036036,-1.081081081,-0.761261261,-0.887387387,-0.599099099,-0.653153153,-1.121621622,-1.085585586,-0.211711712,-0.198198198,-2.117117117,-1.036036036,-0.59009009,0
-0.474747475,-2.268686869,-1.664646465,-2.795959596,-1.105050505,-1.913131313,-2.517171717,-1.448484848,-1.735353535,-0.460606061,-0.842424242,-2.202020202,-0.248484848,-0.575757576,-2.141414141,-0.474747475,-0.474747475,-1.545454545,-1.294949495,-0.608080808,0
-0.215277778,-0.631944444,-0.530092593,-0.543981481,-1.678240741,-0.171296296,0.05787037,-0.736111111,-0.923611111,-1.50462963,-1.314814815,-0.326388889,-1.071759259,-2.009259259,0.199074074,0.275462963,-0.210648148,-2.344907407,-1.525462963,-1.032407407,0
-0.280864198,-1.87037037,-1.530864198,-1.944444444,-0.271604938,-1.527777778,-1.688271605,-0.817901235,-0.734567901,-0.070987654,-0.287037037,-1.768518519,0.410493827,-0.061728395,-1.716049383,-0.37654321,-0.447530864,-1.046296296,-1.021604938,-0.296296296,0
-1.222560976,-0.899390244,-0.698170732,-1.31402439,-2.323170732,-0.393292683,-0.847560976,-2,-1.067073171,-1.99695122,-1.463414634,-0.920731707,-1.234756098,-2.009146341,-2.484756098,-0.405487805,-0.695121951,-2.442073171,-1.789634146,-1.640243902,0
-0.75625,-1.05,-0.89375,-1.1875,-1.73125,-0.84375,-1.025,-1.5625,-1.03125,-0.7,-0.6625,-0.80625,-0.6125,-0.5625,-1.225,-0.3375,-0.325,-1.9125,-0.88125,-0.8125,0
-1.371657754,-0.967914439,-1.20855615,-1.478609626,-2.340909091,-0.878342246,-1.199197861,-2.306149733,-0.993315508,-1.651069519,-1.368983957,-1.413101604,-1.223262032,-1.760695187,-1.704545455,-0.717914439,-1.032085562,-2.950534759,-1.747326203,-1.487967914,0
-0.275142315,-0.144845035,-0.51486401,-0.468058191,-1.866540164,0.076533839,0.119544592,-0.93485136,-0.606578115,-1.383301708,-1.147375079,-0.158760278,-0.937381404,-1.797596458,0.414927261,0.542694497,-0.205566097,-2.559139785,-1.672991777,-1.032258065,0
-0.132890365,-0.760797342,-0.610188261,-1.104097453,-1.811738649,-0.30675526,-0.642303433,-1.063122924,-1.074197121,-1.007751938,-1.079734219,-0.517165006,-0.829457364,-1.786267996,0.204872647,0.582502769,0.475083056,-2.627906977,-1.760797342,-0.650055371,0
-0.513455328,-0.686759957,-0.848223897,-0.966630786,-0.825618945,-0.607104413,-0.672766416,-1.071044133,-0.298170075,-0.497308934,-0.508073197,-0.796555436,-0.102260495,-0.517761033,-0.632938644,-0.26803014,-0.378902045,-1.318622174,-0.770721206,-0.523143165,0
0.452054795,0.232876712,-1.127853881,-1.689497717,-2.570776256,-0.420091324,-0.666666667,-1.146118721,-1.561643836,-1.940639269,-1.908675799,1.579908676,-1.433789954,-3.01826484,0.228310502,0.114155251,-0.114155251,-3.707762557,-2.584474886,-0.908675799,0
-0.412060302,-0.552763819,-1.070351759,-1.316582915,-1.83919598,-0.351758794,-0.804020101,-1.567839196,-0.648241206,-0.959798995,-0.271356784,-0.733668342,-0.552763819,-1.216080402,-0.819095477,-0.271356784,-0.432160804,-2.105527638,-1.206030151,-0.778894472,0
-0.417613636,-1.292613636,-1.295454545,-1.751420455,-1.063920455,-1.183238636,-1.556818182,-1.363636364,-1.029829545,-0.360795455,-0.602272727,-1.414772727,-0.315340909,-0.657670455,-1.421875,-0.465909091,-0.586647727,-1.423295455,-1.132102273,-0.424715909,0
-0.313031161,-0.595845137,-1.023135033,-1.066100094,-1.103399433,-0.313503305,-0.482530689,-1.446647781,-0.90509915,-1.117091596,-0.610481586,-0.408876298,-0.76203966,-1.491029273,-0.910292729,-0.052407932,-0.374881964,-2.130783758,-1.398016997,-0.82625118,0
-0.070422535,0.566197183,-0.501408451,-0.371830986,-3.008450704,0.54084507,0.729577465,-1.261971831,-1.163380282,-1.842253521,-1.523943662,1.653521127,-1.250704225,-2.594366197,-0.907042254,-0.16056338,-0.647887324,-3.253521127,-2.402816901,-1.464788732,0
-0.77532014,-0.410942957,-0.699650757,-0.977881257,-0.478463329,-0.302677532,-0.554132712,-1.317811409,-0.015133877,-0.512223516,-0.696158324,-0.536670547,0.010477299,-0.247962747,-0.804423749,-0.462165308,-0.514551804,-0.407450524,-0.160651921,-0.699650757,0
0.093793103,-1.017931034,-1.085517241,-1.413793103,-1.820689655,0.03862069,-0.750344828,-0.350344828,-1.125517241,-1.576551724,-1.526896552,-1.124137931,-1.191724138,-2.288275862,1.748965517,0.39862069,0.628965517,-2.674482759,-1.882758621,-0.984827586,0
-0.242748092,-0.421374046,-0.167938931,-0.609160305,-2.154198473,0.60610687,-0.702290076,0.671755725,-0.636641221,-2.082442748,-1.963358779,-0.905343511,-0.774045802,-1.453435115,0.740458015,0.341984733,-0.413740458,-2.091603053,-0.222900763,-1.596946565,0
-0.637037037,-1.288888889,-0.307407407,-0.862962963,-1.496296296,-0.455555556,-0.959259259,-1.062962963,-0.614814815,-1.107407407,-1.503703704,-1.192592593,-0.259259259,-1.074074074,-1.544444444,-0.307407407,-0.444444444,-2.681481481,-1.007407407,-0.940740741,0
-1.216517857,1.270089286,-0.676339286,0.348214286,-2.776785714,-0.506696429,0.185267857,-1.051339286,0.017857143,-2.232142857,-2.290178571,0.100446429,-1.6875,-2.238839286,-0.662946429,0.015625,-1.122767857,-2.720982143,-0.767857143,-2.051339286,0
-0.183566434,-1.56993007,-1.206293706,-1.868881119,-0.72027972,-1.314685315,-1.632867133,-0.933566434,-1.085664336,0.127622378,-0.125874126,-1.365384615,0.520979021,0.003496503,-0.907342657,-0.442307692,-0.269230769,-0.653846154,-0.715034965,-0.097902098,0
-0.569230769,0.406837607,-1.003418803,-0.933333333,-2.393162393,0.847863248,0.962393162,-2.136752137,-0.798290598,-1.376068376,-0.772649573,0.222222222,-0.647863248,-1.854700855,-1.820512821,-0.71965812,-0.921367521,-2.526495727,-1.596581197,-1.285470085,0
-0.574427481,-0.664122137,-1.301526718,-1.433206107,-1.019083969,-0.994274809,-1.183206107,-1.477099237,-0.692748092,-0.746183206,-0.601145038,-1.013358779,-0.505725191,-0.627862595,-1.253816794,-0.604961832,-0.677480916,-1.509541985,-0.93129771,-0.708015267,0
-0.533549784,-0.955627706,-0.327922078,-0.615800866,-1.873376623,-0.619047619,-0.741341991,-1.114718615,-0.781385281,-0.5995671,-1.121212121,-0.858225108,-0.774891775,-0.915584416,-0.841991342,-0.152597403,-0.08008658,-1.534632035,-0.670995671,-0.5,0
0.295566502,-2.403940887,-2.4408867,-3.581280788,-2.24137931,-2.022167488,-3.142857143,-0.837438424,-2.581280788,-0.07635468,-0.004926108,-2.834975369,0.172413793,0.083743842,-2.142857143,-0.539408867,-0.684729064,-1.209359606,-1.386699507,-0.248768473,0
-0.678149606,-0.781496063,-0.61023622,-0.905511811,-1.438976378,-0.551181102,-0.743110236,-1.468503937,-0.762795276,-0.955708661,-0.929133858,-0.720472441,-0.725393701,-1.330708661,-0.918307087,-0.13484252,-0.36023622,-2.562992126,-1.38976378,-0.734251969,0
0.058823529,-0.28342246,-0.692513369,-1.192513369,-2.304812834,0.152406417,-1.144385027,-0.390374332,-0.494652406,-1.975935829,-1.965240642,-1.254010695,-0.443850267,-1.411764706,0.604278075,0.045454545,-0.5,-2.427807487,-0.200534759,-1.307486631,0
-0.348688873,-0.043231751,-0.2551382,-0.869596031,-3.271438696,2.084337349,2.167965982,-3.709425939,-1.080793763,-1.733522325,-0.422395464,1.384124734,-1.077958894,-4.131821403,-5.29340893,-0.291991495,-0.833451453,-5.289156627,-3.919914954,-1.835577605,0
-0.597222222,-1.10515873,-1.257936508,-1.158730159,-1.323412698,-1.051587302,-1.093253968,-1.468253968,-0.563492063,-1.343253968,-1.367063492,-1.388888889,-0.93452381,-1.303571429,-1.748015873,-0.793650794,-0.878968254,-1.051587302,-1.154761905,-1.162698413,0
-0.478206725,-0.749688667,-0.557907846,-0.503113325,-1.508094645,-0.270236613,-0.073474471,-1.272727273,-0.589041096,-1.158156912,-1.315068493,-0.250311333,-1.01494396,-1.278953923,-0.541718555,-0.098381071,-0.290161893,-1.652552927,-1.104607721,-0.933997509,0
-0.148148148,-0.254320988,-0.592592593,-0.318518519,-2.012345679,-0.128395062,-0.09382716,-0.87654321,-0.8,-1.355555556,-1.328395062,-0.217283951,-0.424691358,-1.385185185,-0.007407407,-0.113580247,-0.550617284,-2.259259259,-1.256790123,-1.002469136,0
-0.167938931,-1.038167939,-1.297709924,-1.786259542,-1.908396947,-1.061068702,-1.34351145,-1.503816794,-1.015267176,-0.885496183,-0.541984733,-1.244274809,-0.900763359,-0.908396947,-1.297709924,-0.083969466,-0.549618321,-2.534351145,-1.183206107,-0.786259542,0
-1.323076923,-1.04,-1.126153846,-1.846153846,-2.012307692,-1.310769231,-1.756923077,-2.390769231,-0.523076923,-1.212307692,-1.104615385,-1.255384615,-0.766153846,-0.849230769,-1.849230769,-0.950769231,-1.030769231,-1.716923077,-0.741538462,-1.04,0
-0.661858974,-0.449519231,-0.998397436,-1.169070513,-3.431891026,-0.018429487,0.135416667,-2.757211538,-1.540064103,-1.40224359,-1.247596154,-0.076923077,-1.447115385,-2.692307692,-3.630608974,-0.888621795,-1.121794872,-4.081730769,-2.483173077,-1.614583333,0
-0.36627907,0.090116279,-0.302325581,-0.60755814,-2.572674419,0.459302326,0.514534884,-1.898255814,-0.677325581,-1.555232558,-0.965116279,0.14244186,-0.790697674,-2.50872093,-1.212209302,0.220930233,-0.186046512,-3.290697674,-2.145348837,-1.415697674,0
-0.506329114,-0.82278481,-1.168776371,-1.122362869,-0.957805907,-0.848101266,-0.679324895,-1.902953587,-0.345991561,-1.126582278,-1.063291139,-0.877637131,-0.430379747,-0.962025316,-1.417721519,-1.075949367,-0.983122363,-0.603375527,-0.594936709,-1.029535865,0
-0.695953757,-0.506358382,-0.485549133,-0.892485549,-1.543352601,-0.494797688,-0.634682081,-1.539884393,-0.268208092,-0.886705202,-0.915606936,-0.506358382,-0.686705202,-0.803468208,-0.932947977,-0.243930636,-0.542196532,-1.43699422,-0.549132948,-0.901734104,0
-0.568434032,-0.549938348,-0.616522811,-0.667077682,-1.41676942,-0.115906289,-0.159062885,-1.364981504,-0.655980271,-1.205918619,-0.983970407,-0.419235512,-0.808877928,-1.52404439,-0.453760789,0.117139334,-0.224414303,-2.678175092,-1.341553637,-0.942046856,0
-0.824880383,-0.46076555,-0.693301435,-0.675598086,-1.037320574,-0.414354067,-0.456937799,-1.290430622,-0.427272727,-0.857416268,-0.886602871,-0.341626794,-0.46076555,-0.871291866,-0.667942584,-0.441626794,-0.531100478,-1.345454545,-0.807655502,-0.724880383,0
-0.715753425,-1.164383562,-0.818493151,-1.880136986,-0.657534247,-0.95890411,-1.595890411,-1.414383562,-0.130136986,-0.363013699,-0.678082192,-0.962328767,0.171232877,0.143835616,-1.246575342,-0.568493151,-0.493150685,0.26369863,0.363013699,-0.595890411,0
-0.154425612,-2.13559322,-1.858757062,-2.696798493,-1.785310734,-1.898305085,-2.316384181,-1.109227872,-2.064030132,-0.186440678,-0.497175141,-2.143126177,-0.384180791,-0.418079096,-1.77212806,-0.640301318,-0.644067797,-1.331450094,-1.224105461,-0.178907721,0
-1.113131313,-0.650505051,-0.317171717,-0.804040404,-0.650505051,-0.646464646,-0.751515152,-1.660606061,-0.101010101,-0.541414141,-0.937373737,-0.614141414,0.123232323,-0.21010101,-1.101010101,-0.315151515,-0.274747475,-0.329292929,0.018181818,-0.858585859,0
-1.015243902,-2.475609756,-1.356707317,-2.06402439,-2.881097561,-2.149390244,-1.908536585,-2.850609756,-1.795731707,-2.317073171,-2.198170732,-1.518292683,-2.469512195,-3.765243902,-4.204268293,-1.68902439,-2.091463415,-4.289634146,-2.823170732,-2.161585366,0
-0.429319372,-0.706806283,-1.267015707,-1.32460733,-1.57591623,-0.602094241,-0.769633508,-1.429319372,-1.172774869,-1.188481675,-0.706806283,-1.109947644,-0.90052356,-1.418848168,-1.659685864,-0.628272251,-0.680628272,-1.811518325,-1.528795812,-0.937172775,0
-0.386792453,0.059748428,-0.66509434,-0.517295597,-1.100628931,0.088050314,-0.037735849,-0.867924528,-0.617924528,-1.317610063,-1.20754717,0.389937107,-0.897798742,-1.721698113,0.627358491,0.191823899,-0.243710692,-1.91509434,-1.533018868,-0.949685535,0
-1.088345865,-1.436090226,-1.02443609,-1.184210526,-2.082706767,-1.137218045,-1.30075188,-1.360902256,-0.789473684,-1.364661654,-1.5,-1.481203008,-1.180451128,-1.304511278,-1.827067669,-0.919172932,-0.781954887,-1.528195489,-0.917293233,-1.161654135,0
-0.685452163,-0.593709043,-0.47706422,-0.439056356,-1.305373526,-0.301441678,-0.404980341,-1.211009174,-0.31061599,-0.844036697,-1.104849279,-0.262123198,-0.659239843,-0.904325033,-1.241153342,-0.249017038,-0.322411533,-1.043250328,-0.811271298,-0.736566186,0
-0.878980892,-1.526539278,-1.210191083,-1.282377919,-2.171974522,-1.452229299,-1.804670913,-1.437367304,-1.305732484,-1.125265393,-1.473460722,-1.261146497,-1.923566879,-1.779193206,-2.142250531,0.074309979,-0.205944798,-2.080679406,-1.961783439,-0.898089172,0
-0.511363636,-0.315909091,-0.631818182,-0.409090909,-2.359090909,0.356818182,0.579545455,-1.845454545,-0.704545455,-1.331818182,-0.981818182,0.143181818,-0.652272727,-2.195454545,-1.290909091,-0.029545455,-0.418181818,-3.118181818,-1.963636364,-1.277272727,0
-0.275917065,-1.362041467,-1.181818182,-1.818181818,-1.267942584,-1.322169059,-1.669856459,-0.966507177,-1.022328549,-0.456140351,-0.813397129,-1.564593301,-0.288676236,-0.357256778,-1.263157895,-0.362041467,-0.454545455,-0.824561404,-0.657097289,-0.500797448,0
-0.104795737,-1.651865009,-1.278863233,-2.026642984,-1.095914742,-1.278863233,-1.918294849,-0.886323268,-1.374777975,-0.353463588,-0.646536412,-1.907637655,-0.092362345,-0.289520426,-1.253996448,-0.282415631,-0.309058615,-0.380106572,-0.753108348,-0.204262877,0
-0.61922366,-2.900184843,-2.456561922,-3.504621072,-2.3012939,-2.330868762,-3.027726433,-1.780036969,-2.890942699,-0.894639556,-1.279112754,-2.970425139,-0.813308688,-1.099815157,-3.072088725,-1.070240296,-1.014787431,-2.41219963,-2.092421442,-0.970425139,0
-0.689655172,-1.053639847,-1.022988506,-1.298850575,-0.923371648,-1.015325671,-1.053639847,-1.45210728,-0.885057471,-0.915708812,-1.360153257,-0.892720307,-0.536398467,-1.195402299,-1.98467433,-0.486590038,-0.417624521,-2.298850575,-1.045977011,-0.796934866,0
-0.309090909,-0.322727273,-0.177272727,-0.395454545,-2.140909091,-0.104545455,-0.313636364,-0.8,-0.818181818,-1.240909091,-1.059090909,-0.004545455,-0.777272727,-1.554545455,-0.295454545,0.036363636,-0.231818182,-1.95,-1.163636364,-1.013636364,0
-0.877210216,-1.068762279,-1.166011788,-1.410609037,-1.670923379,-0.993123772,-0.933202358,-2.185658153,-1.268172888,-1.095284872,-1.140471513,-0.811394892,-1.095284872,-1.580550098,-2.156188605,-0.546168959,-0.832023576,-3.048133595,-1.74459725,-1.248526523,0
-0.46254459,-0.149821641,-0.632580262,-0.11058264,-2.300832342,-0.20332937,0.225921522,-1.38882283,-0.916765755,-1.288941736,-1.223543401,0.505350773,-0.741973841,-1.734839477,-1.412604043,-0.4078478,-0.857312723,-2.543400713,-1.560047562,-1.187871581,0
-0.303675048,-1.237911025,-0.735009671,-1.390715667,-0.406189555,-0.762088975,-1.201160542,-1.059961315,-0.678916828,-0.156673114,-0.350096712,-1.272727273,0.33655706,0.092843327,-0.912959381,-0.085106383,-0.152804642,-0.464216634,-0.241779497,-0.253384913,0
-0.545833333,-0.522916667,-0.720833333,-0.877083333,-1.739583333,-0.652083333,-0.78125,-1.204166667,-0.127083333,-0.758333333,-0.7625,-0.710416667,-0.579166667,-0.65,-0.775,-0.4125,-0.50625,-0.704166667,-0.5,-0.86875,0
-0.725308642,-2.314814815,-2.401234568,-3.515432099,-2.549382716,-2.058641975,-3.030864198,-1.774691358,-2.444444444,-1.660493827,-1.533950617,-2.293209877,-0.839506173,-1.564814815,-3.179012346,-0.987654321,-0.861111111,-2.700617284,-2.067901235,-1.237654321,0
-0.863563403,-0.699839486,-0.439807384,-1.057784912,-0.48635634,-0.555377207,-0.892455859,-1.423756019,-0.104333868,-0.479935795,-0.776886035,-0.722311396,-0.23434992,-0.426966292,-1.433386838,-0.322632424,-0.481540931,-1.118780096,-0.353130016,-0.722311396,0
-0.697068404,-0.74267101,-0.628664495,-0.879478827,-2.348534202,-0.114006515,-0.543973941,-1.553745928,-0.938110749,-0.931596091,-0.918566775,-0.566775244,-0.781758958,-1.413680782,-1.153094463,-0.371335505,-0.319218241,-2.381107492,-1.16286645,-0.765472313,0
-0.226980728,-1.595289079,-0.458244111,-1.012847966,-2.209850107,-0.959314775,-1.2248394,-0.743040685,-1.385438972,-1.419700214,-1.676659529,-1.132762313,-1.417558887,-1.507494647,-0.830835118,0.349036403,0.239828694,-1.773019272,-1.13490364,-1.092077088,0
-0.658,-0.518,-0.574,-0.526,-2.284,-0.436,-0.326,-1.474,-0.692,-1.064,-1.062,-0.408,-0.928,-1.25,-1.148,-0.364,-0.546,-1.924,-0.912,-0.98,0
-0.289517471,-1.490848586,-1.141430948,-1.713810316,-1.071547421,-1.161397671,-1.580698835,-1.053244592,-1.179700499,-0.477537438,-0.633943428,-1.479201331,-0.126455907,-0.40765391,-1.322795341,-0.34608985,-0.460898502,-1.136439268,-0.830282862,-0.462562396,0
-0.73352673,-0.559883962,-0.401989225,-0.860754248,-1.668876917,-0.396601741,-0.516784086,-1.483215914,-0.715292167,-0.736427683,-0.753004559,-0.324906755,-0.652300041,-0.872772482,-1.100704517,-0.30832988,-0.439701616,-1.769995856,-0.705760464,-0.845420638,0
-0.458092486,-1.358381503,-1.063583815,-1.64017341,-1.313583815,-1.186416185,-1.543352601,-1.171965318,-1.158959538,-0.430635838,-0.669075145,-1.541907514,-0.455202312,-0.563583815,-1.268786127,-0.027456647,-0.382947977,-1.867052023,-1.018786127,-0.556358382,0
-0.808139535,-0.465116279,-0.805232558,-0.985465116,-1.965116279,-0.433139535,-0.465116279,-1.540697674,-0.773255814,-1.270348837,-1.238372093,0.10755814,-0.790697674,-1.604651163,-1.218023256,-0.479651163,-0.537790698,-2.773255814,-1.540697674,-1.127906977,0
-0.786046512,-1.2,-0.88372093,-1.302325581,-0.6,-1.023255814,-1.227906977,-1.339534884,-0.637209302,-0.897674419,-1.43255814,-1.03255814,-0.251162791,-1.148837209,-2.153488372,-0.68372093,-0.581395349,-1.930232558,-0.893023256,-0.776744186,0
-0.453125,-2.524553571,-1.924107143,-2.9375,-0.598214286,-2.258928571,-2.810267857,-1.408482143,-2.167410714,0.120535714,-0.185267857,-2.435267857,-0.053571429,0.044642857,-2.339285714,-0.459821429,-0.441964286,-1.555803571,-1.008928571,-0.087053571,0
-0.371145374,-0.747797357,-0.780837004,-1.115638767,-1.343612335,-0.731277533,-0.912995595,-0.93061674,-0.640969163,-0.475770925,-0.605726872,-1.057268722,-0.415198238,-0.661894273,-0.732378855,-0.028634361,-0.274229075,-1.399779736,-0.823788546,-0.494493392,0
-0.563829787,-0.739361702,-0.965425532,-0.962765957,-0.789893617,-0.688829787,-0.779255319,-1.324468085,-0.289893617,-0.85106383,-1.122340426,-0.933510638,-0.300531915,-1.013297872,-1.223404255,-0.715425532,-0.539893617,-0.787234043,-0.723404255,-0.787234043,0
-0.505791506,0.077220077,-0.335907336,-0.28957529,-1.907335907,-0.250965251,-0.077220077,-1.28957529,-0.67953668,-1.332046332,-1.416988417,0.262548263,-1.111969112,-1.822393822,-0.706563707,0.096525097,-0.312741313,-2.667953668,-1.424710425,-1.189189189,0
-0.754098361,-0.535519126,-1.18579235,-1.50273224,-3.234972678,-0.300546448,-0.366120219,-2.617486339,-1.344262295,-2.191256831,-2.071038251,0.683060109,-0.846994536,-2.530054645,-1.841530055,-0.896174863,-1.333333333,-3.420765027,-2.005464481,-2.103825137,0
-0.708029197,-0.346715328,-0.755474453,-0.616788321,-2.423357664,-0.565693431,-0.226277372,-1.419708029,-1.087591241,-1.572992701,-1.864963504,-0.193430657,-0.981751825,-1.832116788,-1.124087591,-0.481751825,-0.565693431,-2.810218978,-1.441605839,-1.135036496,0
0.016722408,-1.560200669,-1.269230769,-1.747491639,-1.357859532,-1.297658863,-1.722408027,-0.632107023,-1.195652174,-0.210702341,-0.610367893,-1.607023411,-0.088628763,-0.2909699,-1.081939799,-0.294314381,-0.334448161,-0.066889632,-0.618729097,-0.188963211,0
-0.605411499,-0.414881623,-0.456595265,-0.392333709,-1.624577227,-0.446448703,-0.042841037,-1.328072153,-0.642615558,-1.288613303,-1.536640361,0.280721533,-0.732807215,-1.156708005,-1.225479143,-0.395715896,-0.706877114,-2.223224352,-1.275084555,-0.986471251,0
-0.59556314,-2.539249147,-2.460750853,-3.010238908,-2.341296928,-2.225255973,-2.701365188,-1.858361775,-2.361774744,-1.148464164,-1.28668942,-2.790102389,-1.098976109,-1.343003413,-2.109215017,-0.78668942,-0.851535836,-2.605802048,-2.037542662,-1.124573379,0
-0.588910134,-0.86042065,-0.40917782,-1.208413002,-2.235181644,-0.179732314,-1.070745698,-1.156787763,-0.680688337,-1.709369025,-1.770554493,-0.915869981,-0.575525813,-1.468451243,-0.606118547,-0.290630975,-0.770554493,-2.520076482,-0.984703633,-1.267686424,0
