d_fpssm0,d_fpssm1,d_fpssm2,d_fpssm3,d_fpssm4,d_fpssm5,d_fpssm6,d_fpssm7,d_fpssm8,d_fpssm9,d_fpssm10,d_fpssm11,d_fpssm12,d_fpssm13,d_fpssm14,d_fpssm15,d_fpssm16,d_fpssm17,d_fpssm18,d_fpssm19,target
0.000130028,0.00017337,0,0.001560333,0.001538662,0.000541782,0.000780166,0.000628467,0.001950416,0.000628467,0.000325069,0.001473648,0.001040222,0.001582004,0.002167129,0.000108356,0.000325069,0.003098994,0.00134362,0.001126907,1
0.000366409,0.000472104,0.00061303,0.000641215,0.001507913,0.000422779,0.000838512,0.000422779,0.001162643,0.000761003,0.000331177,0.000620076,0.000873744,0.000577798,0.00034527,0.000147973,0,0.000972393,0.000676447,0.000253668,1
0.000928201,0.001078351,0.000573301,0.001446901,0.000928201,0.00042315,0.001119301,0.00042315,0.001433251,0.001460551,0.000846301,0.000273,0.001569752,0.000655201,0.001119301,0.00042315,0,0.000518701,0.000846301,0.000846301,1
0.000454243,0.000436905,0.000679631,0.001081861,0,0.000565203,0.000891148,0.00023579,0.00061028,0.000866876,0.000776721,0.000721241,0.000575605,0.001144276,0.000707371,0.000492385,0.000835668,0.001015978,0.001109601,0.000738578,1
0,0.000397644,0.000486249,0.000618076,0.000278783,0.000235561,0.000363066,0.000205305,0.000972498,0.000399805,0.000462477,0.000216111,0.000432221,0.000628882,0.000542438,0.000121022,9.08E-05,0.00087957,0.000734776,0.000311199,1
0.000350085,0.000297572,0.000875212,0.001207793,0.001549126,0.000113778,0.001164032,0.000665161,0.001269058,0.00111152,0.000980238,0.001199041,0.001347827,0.000857708,0.00070017,0.00028882,0,0.001094015,0.000516375,0.00086646,1
0.000951186,0.000399774,0,0.000627231,0.000420452,0.000151638,0.000765085,0.000854689,0.000682373,0.000861582,0.000696158,0.000344633,0.000958079,0.000110282,0.001068361,6.89E-05,6.20E-05,0.000585876,0,0.000634124,1
0.00195802,0.004699248,0.001331454,0.000469925,0.005560777,0.003446115,0,0.000391604,0.001566416,0.002819549,0.003367794,0.006735589,0.001566416,0.001801378,0.005482456,0.003759398,0.004699248,0.00101817,0.000391604,0.003132832,1
0.000167234,0.000361073,0.000608122,0.000315463,0.000380076,0.001109823,0.000433287,1.90E-05,0.001026206,1.14E-05,0.000140628,0.000372475,0.000782957,0,0.001653332,0.001280857,0.000668934,0.00034967,3.04E-05,0,1
0.00048319,0.001752967,0.001449569,0.00174173,0.001078749,0.00314635,0.002314815,8.99E-05,0.001618123,0.001899047,0.001314725,0.001820388,0.002202445,0.000842772,0,0.000865246,0.000325872,0.00111246,0.000561848,0.001134933,1
0,0.000219583,0.00077432,0.001826009,0.000132906,0.000392939,0.001537084,0.00015602,0.000872555,0.000468059,0.000219583,0.001248158,0.000421831,0.000733871,0.001144145,0.000184912,7.51E-05,0.000849441,0.000554737,0.000127127,1
0.000281409,0.001397967,0.000562818,0.001443355,0,0.00055374,0.001443355,0.000190632,0.000816993,0.001534132,0.001761075,0.001379811,0.00098947,0.001089325,0.001171024,0.000335875,0.000145243,0.00031772,0.000826071,0.00067175,1
0.000736614,0.003015515,0.000736614,0.00027623,0.000897749,0.001220017,0.001634363,0.000598499,0.002163805,0.001450209,0.001335113,0.003821187,0.001772478,0.000828691,0.000736614,0,9.21E-05,0.001358133,0.001565305,0.001243037,1
5.64E-05,7.84E-05,0.000105219,0.000210975,2.68E-05,7.84E-05,0.000301699,5.37E-07,8.21E-05,0.000139039,6.93E-05,0.000378466,4.35E-05,9.56E-05,0.000180912,1.07E-05,0,0.000149776,0.000123471,6.17E-05,1
0.001241722,0.005173841,0.001490066,0.001862583,0,0.001614238,0.002442053,0.00115894,0.002690397,0.002773179,0.002690397,0.005629139,0.002690397,0.000372517,0.002607616,0.002069536,0.001572848,0.000331126,0.002193709,0.001779801,1
0,0.003389618,0.00134957,0.000847404,0.00175758,0.001945892,0.002165589,0.001883121,0.001098487,0.00316992,0.001286799,0.004425334,0.002416672,0.002071433,0.001067102,0.000376624,0.000251083,0.001098487,0.000972946,0.002165589,1
0.000251953,0.001305573,0.000584072,0.000584072,0.000423739,0.000652786,0.000870382,0.000171786,0.001110882,0.00052681,0.000206143,0.002324836,0.000332119,0.000377929,0.000412286,6.87E-05,0,6.87E-05,0.001191049,0.000274857,1
0,0.002422399,0.001154865,0.00109853,0.000732353,0.001887218,0.001690046,2.82E-05,0.001802715,0.002253394,0.001464706,0.003802603,0.001549208,0.001887218,0.001436539,0.00087319,0.000450679,0,0.001323869,0.001943552,1
0,0.003657262,0.000905608,0.001114594,6.97E-05,0.001184256,0.00195054,0.000278649,0.002298851,0.001428074,0.000452804,0.005607802,0.001323581,3.48E-05,0.000905608,0.000905608,0.000208986,0.000417973,0.000452804,0.001671891,1
0.000308327,0.000353937,0.000248121,0.000897614,0,0.000295556,0.001169452,0.000370357,9.49E-05,0.000111289,3.65E-06,0.001045392,0.000144129,0.000240823,0.000468875,0.00045428,0.000135007,4.01E-05,9.85E-05,0.000195213,1
0.00174482,0.005343511,0.001526718,0.000545256,0.002126499,0.001145038,0.000163577,0.003162486,0.001581243,0.003380589,0.001254089,0.005179935,0.002126499,0,0.002181025,0.001199564,0.000490731,0.002235551,0.000163577,0.002399128,1
0.000460935,0.001264511,0.000497646,0.000758707,0.000448698,0.001027925,0.001219642,0,0.000648572,0.000628177,0.000795418,0.001603074,0.000726074,0.00043646,0.00153373,0.00118293,0.000652651,0.000179479,0.000273298,0.000387512,1
0.000505853,0.001878884,0.00151756,0.003215783,0.00014453,0.000289059,0.003468709,0.001373031,0.001951149,0.003107385,0.001228501,0.002276341,0.001915017,0.002131811,0.002059546,0,0.000939442,0.00242087,0.001445296,0.001878884,1
0.000314301,0.000434034,0.000518846,0.000503879,0.001212303,0.000389134,0.000608646,0.000229489,0.001366959,0.000449001,0.00036419,0.000419068,0.000937913,0.000718402,0.000638579,7.48E-05,0,0.001516626,0.000808202,0.000239467,1
0.000741774,0.000653643,0.000235018,0.000658539,0.000249706,0.000367215,0.000634058,0.000709949,0.001033098,0.000937622,0.000766255,0.000418625,0.000394144,0.000242362,0.001011065,0.000526342,0.000484724,0,5.39E-05,0.000949863,1
9.83E-05,0.00023515,0.000182504,0.000349215,0.000510662,0.000124594,0.000263228,0.000250944,0.000558043,0.000249189,0.000100026,0.000145653,0.000449242,0.000277266,0.000517681,0,4.56E-05,0.000722999,0.000372028,0.000136878,1
4.85E-05,0.000245821,0.000183112,0.000411374,0.000182275,8.11E-05,0.000500839,9.95E-05,0.000271741,0.000324417,0.000178931,0.000465722,0.000280938,0.00036037,0.000284283,0,4.93E-05,0.000637128,0.000396324,0.000242477,1
0.000105426,0.000362115,0.000357532,0.000634848,0.000263565,0.000210852,0.000788403,0.000128345,0.000488168,0.000460666,0.000357532,0.000834241,0.000357532,0.00042858,0.00041712,0,6.65E-05,0.000712771,0.000481293,0.000265857,1
0.000194845,0.000490473,0.000369534,0.001054852,0.000792819,0.000980945,0.001209385,0.00011422,0.00118251,0.000725631,0.000597974,0.001390793,0.001155634,0.000745787,0.001021258,6.72E-05,0,0.001222822,0.000907039,0.000228439,1
0.001612562,0.001712652,0.000211301,0.000645025,0,0.000133453,0.000700631,0.000967537,0.000422603,0.002079649,0.001467988,0.001000901,0.001256687,0.001267808,0.000378118,0.000111211,0.000311391,0.001056506,0.000322512,0.002124134,1
0,0.000183885,6.32E-05,0.000220381,0.000589555,0.000133352,0.000283548,5.76E-05,0.000614821,0.000350925,0.000362155,7.86E-05,0.000620436,0.000532003,0.000471644,0.000168444,3.09E-05,0.000791688,0.000263896,0.000196518,1
0.001574403,0.000761808,0.000457085,0.001422042,0.00162519,0.000964957,0.001828339,0.002437786,0.001675978,0.002234637,0.002590147,0.002082275,0.001879126,0.001523616,0.001472829,0.001422042,0,0.002793296,0.000558659,0.002742509,1
3.55E-05,0.000144144,7.58E-05,0.000131955,1.38E-05,9.80E-05,0.00017753,1.38E-05,4.13E-05,0.000404346,0.000342342,0.000103869,0.000255432,0.000296237,0,0.000210387,6.04E-05,0.000166402,8.85E-05,0.000219396,1
0.000297384,0.000234516,8.34E-05,0.000193547,1.41E-05,0.000195666,0.000209087,0.000218976,5.37E-05,0.000517066,0.000384268,0.000162466,0.00034683,0.000384974,0,0.000276192,8.55E-05,0.000127147,0.00015187,0.000323519,1
0.00077912,0.004918192,0.001412154,0,0.002142579,0.001266069,0.00058434,0.003019088,0.001947799,0.002921698,0.00038956,0.004918192,0.001704324,0.001119984,0.002142579,0.00068173,0.001899104,0.000973899,0.00038956,0.002191274,1
0.000114433,0.001698427,0.000662507,0.00062637,0.000698644,0.000975692,0.001427401,0,0.001005806,0.000590233,0.00077694,0.001981498,0.000915464,0.000566142,0.00051796,0.000530006,0.000337276,0.000861259,0.0004758,0.000391481,1
0,0.000945992,0.000867811,0.001321262,0.00132908,0.000867811,0.001110173,0.000515996,0.001258717,0.000961629,0.000805266,0.001102355,0.000938174,0.00078963,0.001766895,0.000766176,0.000641086,0.000633268,0.000875629,0.001094537,1
0.00025496,6.97E-05,0.000292805,0.000125488,5.58E-05,0.00093618,3.59E-05,5.18E-05,0.00027687,3.98E-06,0.000135447,4.18E-05,0.000583619,0.000177277,0.001203091,0.000442196,0.00019122,0.000157358,8.17E-05,0,1
9.58E-05,0.000347027,0.00040156,0.000598209,0,0.000198301,0.000198301,0.000343722,0.000568463,0.000406518,0.000358595,0.000236309,0.000271012,0.000551938,0.000383382,0.000239614,0.000299104,0.001029514,0.000784942,0.000436263,1
6.77E-05,0.000667286,3.25E-05,0.000252436,0,0.000292344,0.000560557,3.65E-05,8.63E-05,4.92E-05,8.82E-05,0.000240681,6.31E-05,3.12E-05,0.000147873,7.30E-05,2.47E-06,7.49E-05,4.02E-05,2.17E-05,1
4.59E-05,7.59E-05,7.21E-05,8.79E-05,0,0.00021025,0.000225736,2.03E-05,9.98E-05,2.05E-05,4.38E-05,0.000125078,0.000112868,2.26E-05,0.000524137,0.000180768,3.93E-05,3.63E-05,8.64E-06,9.83E-06,1
6.47E-05,0.001011734,0.00087776,0.001071792,0,0.00087776,0.000817703,0.000235609,0.00022175,0.000272568,0.000198651,0.000743786,0.000189411,0.000508177,0.000831562,0.000323385,0.000166312,0.000291047,0.000388062,0.000263328,1
0.000507813,0.001614583,0.000885417,0.002200521,0,0.000846354,0.002135417,0.001132813,0.000338542,0.000572917,0,0.001640625,0.00078125,0.000585938,0.0015625,0.000924479,0.000742188,0.000651042,0.000625,0.000664063,1
0,0.000344872,0.00014335,0.000502765,0.000598332,0.000251383,0.000542239,0.000116342,0.000500688,0.000479912,0.000276313,0.000373958,0.000689744,0.000309554,0.000378113,7.69E-05,2.91E-05,0.000484067,0.000232685,0.000378113,1
0.002424214,0.001796586,0.000164752,0.000902216,0.000345196,0.000478566,0.001427854,0.001255256,0.000235361,0.001106195,0.001388627,0.000517793,0.001121885,0.000690391,0.001019896,0.000353041,0.000384422,0.000313814,0,0.000980669,1
0.000308068,0.000274289,0.000304015,0.000562089,1.62E-05,0.000722879,0.000590464,9.32E-05,0.000210783,1.00E-04,0.000237807,0.000314824,0.000305366,0.000279693,0.000970144,0.000743147,0.000209432,0.000259426,4.05E-05,0,1
0.000181369,0.00040808,4.53E-05,0.000566778,0.00163232,0.000351402,0.000623456,0.000464758,0.001235576,0.000759482,0.000215376,4.53E-05,0.000850167,0.000442087,0.000498764,0.000124691,0,0.001042871,0.000782153,0.000294724,1
0.000744004,0.001057269,0.000881057,0.001605482,0.001390113,0.00062653,0.001762115,0.000744004,0.002290749,0.001488008,0.001625061,0.002427802,0.00246696,0.00268233,0.001938326,0,0.000176211,0.003563387,0.002956437,0.000606951,1
2.09E-05,0.000400458,0.00019892,0.000505152,0.000342875,0.000361197,0.000793063,0,0.000442335,0.000321936,0.000316702,0.00064649,0.000389988,0.000481596,0.000486831,7.85E-06,6.02E-05,0.000531326,0.000424014,0.000180598,1
0.00108058,0.000640344,9.72E-05,0.000343041,0.000937647,0.000337324,0.000114347,0.000811865,0.000977668,0.000463106,0.000365911,0.000120064,0.001223514,0.000165803,0.000640344,0.000177238,0,0.00140647,0.000251564,0.000451671,1
0,0.000931216,0.00052869,0.001261648,0.001183546,0.000775012,0.000943232,3.00E-05,0.001387812,0.000714934,0.001099436,0.000666871,0.000522683,0.000594777,0.001093428,0.000750981,7.81E-05,0.000913193,0.00052869,0.000438573,1
9.16E-05,0.000354155,0.000204623,0.000233241,1.07E-05,0.00106318,0.0011798,2.43E-05,8.80E-05,0.000134507,0.000435718,0.000736213,0.000198899,0,6.87E-05,0.000203907,7.44E-05,1.57E-05,1.43E-06,5.72E-05,1
0.000188667,0.000870493,0.000290164,0.000451367,3.70E-05,0.00077616,0.001349325,0.000114633,0.000148067,7.28E-05,8.48E-05,0.000894375,0.000137321,2.39E-05,0.000322405,0.000471667,0.000218519,3.46E-05,0,5.49E-05,1
0.000160276,0.000552061,0.000186988,0.000378429,0.001153094,0.000120207,0.000454114,0.000146919,0.001193163,0.00086816,0.000262674,0.000311647,0.001072957,0.000209249,0.000391785,0,5.79E-05,0.001006175,0.000209249,0.000609938,1
6.13E-05,0.000409248,0.000214472,0.000409248,0.000630285,0.00034797,0.000720013,0.000190399,0.000842569,0.000328274,0.000225415,0.00053618,0.000599646,0.000481468,0.000369855,6.57E-05,0,0.001030779,0.000575573,0.00011599,1
0.000909091,0.000447552,0.000769231,0.000937063,0.002055944,0.000601399,0.001412587,0.000475524,0.001440559,0.001314685,0.000643357,0.001048951,0.001538462,0.001146853,0.000867133,0.000405594,0,0.002573427,0.000853147,0.000741259,1
0.000664452,0,0.001930074,0.001218162,0.000458788,0.000458788,7.91E-05,0.001518747,0.001487106,0.00053789,0.001265623,0.001866793,0.00053789,0.002135738,0.000332226,0.00170859,0.001423825,0.000885936,0.001218162,0.000759374,1
0.00018703,0.000388243,0.000223373,0.00028675,0,0.000568626,0.000765406,8.60E-05,6.78E-05,0.000320877,0.000370515,0.000529624,0.000133403,0.000120107,3.94E-05,0.000128528,6.16E-05,9.75E-06,9.79E-05,0.000144483,1
0.000225649,0.000297596,0.000294325,0.000421866,0.000614813,0.000415326,0.00034665,0.00011773,0.001030139,0.000206028,0.000281244,0.000163514,0.000657327,0.000448029,0.00034338,0,3.60E-05,0.001331005,0.000412056,3.27E-05,1
0.001987054,0.00192684,0.000311104,0.000150534,0.000100356,0.000662351,0.000511817,0.000491746,0.000371318,0.000371318,0.000381354,0.004485925,0.000411461,0.000110392,0.002448693,0.00128456,0.000812886,0,0.000260926,0.000451603,1
0.00028463,0.000395319,0.001122707,0.000838077,0.002688172,0.000379507,0.000363694,0.000268817,0.00159709,3.16E-05,0.000506009,0.000411132,0.000711575,0.001217584,0.001170145,0.00102783,0.000553447,0.002024035,0.000948767,0,1
0.000629426,0.000247274,0.000550747,0.000842981,0.000786782,0.000764303,0.001933236,0.000393391,0.000741823,0.000977858,0.000753063,0.002450264,0.000696864,0.00044959,0.001427447,0.000112397,0,0.000775542,0,0.001045296,1
0.000616399,0.000974771,0.002307913,0.00153383,0.00153383,0.001920872,0.001476491,0,0.001634174,0.001906537,0.002422592,0.002193234,0.001261468,0.001247133,0.002293578,0.002107225,0.000946101,0.000860092,0.001132454,0.001576835,1
0.001814882,0.001382767,0.001209921,0.001685248,0.000604961,0.001814882,0.002592689,0.000216057,0.002463054,0.001944516,0.003327284,0.002506266,0.000648172,0.002506266,0.001901305,0.00030248,0,0.0026359,0.002419843,0.001858094,1
0,0.000370252,0.000484899,0.000422877,0.000389047,0.000999868,0.000580751,4.51E-05,0.000644652,0.000366493,0.000526247,0.000368373,0.000601425,0.000383408,0.000560077,0.000289436,0.000169151,0.000394685,0.000167271,0.000161633,1
0,0.000483238,0.000335582,0.000496661,0.000724857,0.000231551,0.000107386,0.000275177,0.001114131,0.000208061,0.000214772,0.000275177,0.000711433,0.000875868,0.000577201,0.000171147,0.000107386,0.001808786,0.000912782,0.000154368,1
0,0.000128801,2.72E-05,0.000157286,0.000668775,9.41E-05,0.000198156,0.000116416,0.000573413,0.000225402,0.000191963,0.000151094,0.000489197,0.000177102,0.000154809,1.73E-05,1.11E-05,0.000625429,0.000163478,8.55E-05,1
5.82E-05,0.00015575,9.02E-05,0.000368268,0.000177584,0.00010917,0.000320233,3.78E-05,0.000257642,2.04E-05,0.000163028,4.22E-05,0.000195051,0.000221252,0.00063901,0.000110626,5.09E-05,0.00041048,0.000235808,0,1
0.003485577,0.002644231,0.000240385,0.0046875,0.000360577,0.000961538,0.005168269,0.000120192,0.004086538,0.002644231,0.003485577,0.002043269,0.003365385,0.0015625,0.000120192,0.000841346,0.002163462,0.005168269,0,0.000480769,1
0.001074637,0.001561582,0.00125934,0.002350768,0.000503736,0.001897406,0.003291075,0.00013433,0.000889934,0.000184703,0.000235077,0.004130636,0.001695911,0.000789186,0.001477626,0.001057846,1.68E-05,0.001561582,0.001326505,0,1
0.000792829,0.000360377,0.000189198,0.000783819,0.001450516,0.000351367,0.000864904,0.000747781,0.001648723,0.001261318,0.001135186,0.00030632,0.001099149,0.000729763,0.000405424,0.00030632,0,0.001522591,0.000603631,0.00077481,1
0.000136645,0.000670211,4.23E-05,0.000605142,0.000263529,0.000364386,0.001024837,0.00017894,0.000777575,0.000396921,0.00035788,0.000608395,0.000601888,0.000478257,0.000442469,0,3.58E-05,0.000878432,0.000351373,0.000139898,1
0,0.001185663,0.0012566,0.001530214,0.001601151,0.001053922,0.001469411,0.000709371,0.001864632,0.001226198,0.001276867,0.001185663,0.001509946,0.001368072,0.001114726,0.0006283,0.000324284,0.001783561,0.001175529,0.00057763,1
0,0.000968547,0.001045194,0.000606213,0.000940675,0.000508661,0.000320526,0.00034143,0.001930125,0.000473821,0.000808284,0.000564405,0.000961579,0.000912803,0.00140056,0.000494725,0.000459885,0.001414496,0.001330881,0.000536533,1
0.002225466,0.001974204,0,0.001746871,5.98E-05,0.000789681,0.002057958,0.001196487,0.000502525,0.002105817,0.00186652,0.001220417,0.001663117,0.000837541,0.001316136,0.000335016,0.000478595,0.00049056,0.000526454,0.002022063,1
0.002345521,0.001625173,3.51E-05,0.001229861,0,0.000650069,0.001317708,0.001976562,0.000887257,0.001449479,0.001519757,0.00048316,0.000957535,0.000939965,0.001300139,0.00031625,0.000650069,0.00048316,0.000544653,0.002459722,1
0.000284938,0.000407356,0.000139303,0.000377807,7.81E-05,0.000145635,0.000287049,0.000308155,0.000508667,0.000546659,0.000460122,0.000116086,0.000168852,0.000189959,0.000443237,0.000147746,0,0.00013086,6.75E-05,0.000403135,1
0.001267118,0.001801865,0.001371742,0.001476367,0,0.00181349,0.001546116,0.000662621,0.001964614,0.000929995,0.001232243,0.001022994,0.000988119,0.001069494,0.001592616,0.00089512,0.000278998,0.00179024,0.001441492,0.000755621,1
0.001010882,0.001217185,0.001041828,0.001712311,0,0.001310021,0.001402857,0.000185672,0.000897416,0.000319769,0.000887101,0.000928361,0.000887101,0.000866471,0.003373047,0.003063593,0.001402857,0.000195987,0.000144412,0.000412605,1
0,0.001112208,0.000748402,0.001538382,0.001829427,0.000935502,0.001413648,0.000467751,0.002224417,0.000966686,0.001091419,0.000987475,0.001226547,0.001413648,0.001257731,0.00097708,0.000436568,0.00216205,0.001507198,0.000457357,1
0.001292501,0.001495057,0.001176754,0.002093079,0.00054015,0.00155293,0.000694478,0.002170244,0.001475766,0.001861587,0.001543284,0.001572221,0,0.000742706,0.000723415,0.002951531,0.002546419,0.002228117,0.000434049,0.00228599,1
0.003436426,0.003240059,0.002749141,0.002258223,0.003632793,0.001472754,0.002650957,0.002945508,0.00245459,0.006480118,0.003927344,0.007560137,0.004614629,0.00137457,0.002061856,0.003829161,0.000785469,0,0.002945508,0.005007364,1
0.000156616,0.000367238,1.08E-05,0.000540056,0.001285333,0.000210622,0.000550857,0.00038884,0.001069311,0.00058326,0.000529255,0.000367238,0.001036907,0.000437445,0.000313232,3.24E-05,0,0.000945098,0.000318633,0.000237625,1
0.006320082,0.001630989,0.001732926,0.004281346,0.001427115,0.002446483,0.002446483,0.002650357,0.003058104,0.001325178,0.001732926,0.003363914,0.004281346,0.002344546,0.004383282,0.001325178,0.001223242,0.004994903,0.002038736,0,1
0,0.000467407,0.001080879,0.001513231,0.001384694,0.001080879,0.001495703,0.000362241,0.000958185,0.000543361,0.000899759,0.001361323,0.001191888,0.001320425,0.000841333,0.000800435,0.000484935,0.001080879,0.001139305,0.00047325,1
0.000333319,0.000521716,0.000101445,0.00023912,0.001550657,0.000137675,0.000231874,0.000289842,0.001456458,0.000456502,0.000115937,0.000108691,0.001210092,0.000398533,0.000572439,0,0.000108691,0.001999913,0.000565193,0.000268104,1
0.000776279,0.001088313,0.000251149,0.000837164,0.001080703,0.000167433,0.001263357,0.000441414,0.001194861,0.000943712,0.000555572,0.000547962,0.001103534,0.000601236,0.000586015,7.61E-05,0,0.001415568,0.000479467,0.000821943,1
0.001097324,0.000580316,0.000865198,0.001392758,0.001445514,0.000738584,0.001635435,0.000907403,0.001656538,0.001424411,0.0008863,0.001350553,0.002141892,0.000928505,0.000759686,0,0.000126614,0.001603782,0.001266143,0.00123449,1
0.000660357,0.001000602,0.000501308,0.000682503,0.000277833,0.00066237,0.00134286,0.00012885,0.0005456,0.000543587,0.000652304,0.001024761,0.000483188,0.000616065,0.000306019,8.05E-05,0,0.001044894,0.000916044,0.000299979,1
0.001006558,0.001159067,3.05E-05,0.000671039,0.000193178,0.000488028,0.001067561,0.000833715,0.00022368,0.000772711,0.000305018,0.000935387,0.00103706,0.00063037,0.000935387,0.000172843,0,0.000284683,0.000732042,0.000640537,1
0.000237496,0.000312742,0.000225738,0.000420908,0.000590212,0.000159898,0.000275119,0.000362122,0.000646646,0.000324499,0.000166952,0.000124626,0.0005714,0.000352716,0.0005714,0,0.000166952,0.000797139,0.000416205,0.00026101,1
0.001359023,0.001359023,0.000230157,0.002170053,0.000306876,0,0.000909669,0.001457662,0.001567261,0.001830297,0.001446702,5.48E-05,0.000909669,0.000909669,0.001205585,0.000350716,0.000339756,0.001063107,0.00078911,0.001556301,1
7.08E-05,0.000252038,0.000184828,0.000404461,0.000164425,9.12E-05,0.000462069,0.000110417,0.000390059,0.000363655,0.000206431,0.00046567,0.000278442,0.000342051,0.000327649,0,5.52E-05,0.00086173,0.000469271,0.000280842,1
0.00057487,0.00052012,0.001110633,0.001020687,0.000148606,0.000668726,0.000801689,0.000441907,0.000653084,0.000590513,0.000359783,0.000676548,0.00034414,5.47E-05,0.001505612,0.001478237,0.00092292,0.000199445,0,0.000469282,1
0.000348024,0.000329707,0.001036221,0.000936785,5.76E-05,0.000489326,0.000638479,0.000382041,0.000609695,0.000562595,0.000272139,0.000562595,0.000274755,4.45E-05,0.001261258,0.001219391,0.000735298,0.000211954,0,0.000329707,1
0.000509495,0.003195924,0.00123514,0.00020071,0.001127065,0.000463177,0,0.002130616,0.002377644,0.001466728,0.000293346,0.002732747,0.000833719,0.000478617,0.001667439,0.00041686,0.000324224,0.00185271,0.001266018,0.000926355,1
0.001613554,0.01432029,0.003630496,0.006252521,0.006252521,0.008672852,0.008874546,0.007260992,0.005647438,0.009681323,0.007260992,0.009277935,0.008269463,0.001613554,0.003227108,0.003227108,0.006050827,0,0.000806777,0.011294877,1
0.002715011,0.00262743,0.001080166,0,0.001810008,0.001547265,0.000291937,0.001547265,0.001810008,0.003620015,0.004379051,0.001284522,0.003649209,0.004495825,0.002218719,0.003152916,0.002481462,0.004437438,0.002189525,0.002277106,1
0.000447843,0.001791374,0.000740664,0.00065454,0.000499518,0.001171283,0.002118644,0.00065454,0.000981811,0.002015296,0.000516742,0.00308323,0.001274631,0.00032727,0.001429654,0,0.000533967,0.000671765,0.000602866,0.001412429,1
0,0.002256279,0.001745424,0.002554278,0.000808855,0.002852278,0.003405705,0.000808855,0.002511707,0.002979991,0.002767135,0.002256279,0.000936569,0.003703704,0.001106854,0.001362282,0.000893997,0.003405705,0.00195828,0.001447424,1
3.51E-05,0.00024256,0.000466125,0.000547952,0.000466125,0.000495349,0.000564026,0,0.000711608,0.000607862,0.000527496,0.000445668,0.000385758,0.000400371,0.000318543,0.000287858,6.58E-05,0.000397448,0.000552336,0.000219181,1
3.03E-05,0.000788261,0.000373919,0.000677096,0.000202118,0.001091438,0.001182391,0.000353707,0.000707414,0.000596249,0.000859002,0.000565931,0.000636672,0.000404236,0.00044466,0.000899426,0,0.00039413,3.03E-05,0.00022233,1
0.001388552,0.000485319,0.000701016,0.001294184,0.000795384,0.001078487,0.002116531,0.000390951,0.000889752,0.001213298,0.000889752,0.001995201,0.001509882,0.001294184,0.001442476,0.000296584,0,0.000310065,0.000579687,0.000835827,1
0.00069724,0.001315247,0.000507083,0.001505404,6.34E-05,0.00221849,0.001980794,0.000142617,0.00069724,0.000903242,0.001442018,0.001410325,0.000792318,9.51E-05,0.000142617,0.001014167,0,0.000491237,0.00017431,0.000412005,1
0,0.000207401,0.000300452,0.000397987,2.58E-05,0.000143499,0.00014462,0.000176011,0.00042265,0.000228702,0.00017489,0.000142378,0.000210765,0.000358748,0.000276909,0.000171527,0.000158074,0.000804942,0.000569513,0.000217491,1
2.12E-05,0.001820337,0.000867835,0.001460503,0.000571501,0.002307171,0.002095504,0.000973669,0.000613835,0.001312336,0.001502836,0.001566336,0.00154517,0.000825502,0,0.001312336,0.000169334,0.000275167,0.000232834,0.000889002,1
0.000150983,0.000561466,0.000561466,0.000632239,0.000589776,0.000594494,0.000363302,0.000217037,0.001500389,0.000155701,0.000103801,0.000160419,0.000622803,0.000811531,0.001226733,0,0.000155701,0.001325816,0.000618085,0.000179292,1
0.001105289,0.002435729,0.000921074,0.001780743,0.000266088,0.001269036,0.002599476,0.001084821,0.002640413,0.002169641,0.001657934,0.001228099,0.001166694,0.001002947,0.001371377,0,0.000470771,0.002722286,0.001166694,0.001084821,1
0.000546647,6.07E-05,0.000364431,0.002459913,0.002520651,0.000728863,0.001154033,0.001032556,0.002429543,0.000911079,0.000819971,0.001518465,0.001943635,0.002095481,0.00173105,0,0.000334062,0.00343173,0.001245141,0.001396987,1
0.000316634,0.000471433,0.000555868,0.000112581,0.001329862,0.000112581,0.00032367,6.33E-05,0.001111737,0.000696594,0.000415142,0.000429215,0.001118773,0.000288489,0.000668449,8.44E-05,0,0.001196172,0.000569941,0.000394033,1
0.000725776,0.000339324,8.17E-05,2.83E-05,0.000260777,0.000157094,0.000238783,0.000710067,0,0.001294458,0.000813749,5.66E-05,0.000904864,0.001325877,0.000273344,0.000405304,0.000235642,0.000864019,0.000424155,0.000785472,1
0.000314313,0.00282882,0.000676983,0.000411025,0.003118956,0.001353965,0.000701161,0.00082205,0.002490329,0.00082205,0.000338491,0.002321083,0.001571567,0.001257253,0.002224371,0.000531915,0,0.002587041,0.00176499,0.000483559,1
0,0.000559329,0.000430253,0.000352476,0.000312761,0.000430253,0.000183685,0.00018534,0.000431908,0.000478242,0.000258152,0.000551054,0.000496445,0.000413705,0.000691714,0.000180375,0.000147279,0.000334273,0.000395502,0.000383918,1
0.000177128,0.000359465,7.81E-05,0.000463658,0.001213845,0.000151079,0.000453238,0.00028132,0.001026298,0.000619947,0.000505335,0.000354255,0.000890848,0.000369884,0.000182337,0,1.56E-05,0.000901267,0.000338626,0.000338626,1
0.001033037,0.001655509,0.000662203,0.001688619,0.000125819,0.000880731,0.001999854,0.000933707,0.000251637,0.001681997,0.001430359,0.001655509,0.001059525,0.000761534,0.000966817,0.000642337,0.000595983,0,0.00035759,0.001417115,1
4.81E-05,0.000493346,0.000306837,0.00078815,0.001167184,0.00078815,0.000782134,0.000451231,0.001347676,0.000758068,0.000294804,0.000186509,0.001437923,0.000673838,0.000812216,0,4.81E-05,0.001094987,0.000962626,0.00046928,1
0.000840523,0.000789889,2.03E-05,0.000602544,0.000617734,0.000425325,0.000886094,0.000222789,0.001058249,0.00052153,0.000754446,0.00029874,0.001164581,0.00023798,0.000258233,0.000182282,0,0.001519018,0.000243043,0.000187346,1
0.000349665,7.20E-05,0.000164548,0.000493644,0.001943725,0.000524497,0.000606771,0.000267391,0.001357522,0.001048994,0.000380518,0.000617055,0.001645481,0.000298243,0.000493644,0.000154264,0,0.002056851,0.000524497,0.000524497,1
0,0.000343894,0.001166402,0.000269442,0.000794146,0.000294259,0.000141812,0.000297805,0.001091951,0.00113804,0.000829599,0.000971411,0.001212491,0.001357848,0.00024108,0.000372256,0.000198537,0.001836463,0.001581201,0.000397073,1
0.001353664,0.000685454,0.000150886,0.000767364,0,0.000224174,0.000892384,0.000948427,0.000129331,0.000952738,0.000564745,0.000362127,0.000469903,0.000495769,0.0006251,0.000288839,0.000547501,0.000189685,0.000172441,0.001077758,1
0.001581496,0.000197687,0.002767619,0.002668775,0.001943923,0.001746236,0,0.002042766,0.002339297,0.001581496,0.0007578,0.000856644,0.001713288,0.003789002,0.003459524,0.001614444,0.001482653,0.002504036,0.001713288,0.001845079,1
0.00124052,0.00082114,0.000320703,0.000870478,0,0.000447574,0.000637881,0.00079647,0.000623784,0.001081931,0.000782373,0.000260791,0.000655502,0.000588542,0.000842285,0.000151541,0.000313654,0.000387662,0.000387662,0.001067834,1
0.000669835,0.000675194,0.000187554,0.000669835,0.001403975,0.000251858,0.00093777,0.000417977,0.001318236,0.000466205,0.000471564,0.000251858,0.001012791,0.000739498,0.000498358,0.000187554,0,0.001457562,0.000835955,0.000605531,1
0.001064076,0.000971548,0.000925283,0.001896831,0.001202868,0.001758038,0.001804303,0.001480453,0.001341661,0.003793662,0.000370113,0.003839926,0.002359473,0.000323849,0.003377284,0.000416378,0.000925283,0.000277585,0,0.002405737,1
0.001411793,0.001199173,0.000348696,0.001114126,0,0.000561315,0.00151385,0.000799449,0.000910011,0.001803012,0.001241697,0.001020573,0.001734974,0.000493277,0.001156649,0.00056982,0.000782439,0.000323181,0.000340191,0.001947594,1
0.000493447,0.001002812,0.000642012,0.001570542,0,0.001146071,0.000933836,0.000238765,0.0007216,0.000328965,0.000376718,0.000604871,0.000562424,0.000323659,0.002345201,0.001910118,0.001284024,0.000334271,0.000191012,0.000249377,1
0.00028888,0.000993749,0.000207994,0.000982193,0.001120856,0.00053154,0.001363516,0.000323546,0.001814169,0.000693313,0.000647092,0.000427543,0.000935973,0.000808865,0.001005304,0,0.000196439,0.002842583,0.001143966,0.000311991,1
0.000269856,9.42E-05,9.16E-05,0.000250763,0.000136201,0.000180753,0.000320773,0.000106924,0.000384418,0.000239307,7.89E-05,0.000185845,0.00032841,0.000196028,0.000378054,4.07E-05,0,0.000339866,0.000287677,0.000180753,1
0.000245867,0.00041543,0.000686732,0.000898686,0.002161933,0.000237389,0.000305214,0.000254345,0.001890632,0.000466299,8.48E-06,0.000398474,0.001195422,0.000652819,0.000652819,0,0.000110216,0.001559983,0.000991946,0.000432387,1
0.000392385,0.000744002,0.00011211,0.000361809,0.001039565,0.000270083,0.000443344,0.000285371,0.00126888,0.00042296,0.000417864,0.000300658,0.001065044,0.000458631,0.000718523,5.10E-06,0,0.001564443,0.000789865,0.000132494,1
0.000127049,0.000783467,9.88E-05,0.00076935,0.001157554,0.000289389,0.000839933,0.000741117,0.001263428,0.001101088,0.000338796,0.001079914,0.000854049,0.000395262,0.000472903,0,0.000359971,0.001185787,0.000303505,0.000945807,1
0.000400344,0.000419052,0.000280615,0.00043776,0.001249673,0.000329255,0.000557489,0.000385378,0.000778239,0.000564972,0.000246941,0.000531298,0.001212257,0.000101021,0.000187077,0.000115988,0,0.000954091,0.000280615,0.00034048,1
0.000307667,0.000289959,1.33E-05,0.000263398,9.74E-05,0.00015826,0.000412805,0.000213596,0.000298813,0.000310987,0.000199209,0.000115098,0.00023905,0.000125059,0.000349722,0,2.66E-05,0.000175968,0.00014498,0.00038403,1
2.58E-06,0.000139465,9.04E-05,0.000130426,0.000627593,5.94E-05,0.000111056,0.000148505,0.000583687,0.000242773,1.68E-05,9.81E-05,0.000388695,0.00015367,0.00015367,5.17E-05,0,0.000484254,0.000293135,9.69E-05,1
0.000225754,0.000203179,0,0.001264223,0.001806032,0.00054181,0.000744988,0.000451508,0.001173921,0.000316056,0.000406357,0.001061044,0.001331949,0.001602854,0.0013771,0.000180603,0.000112877,0.002709048,0.000948167,0.000496659,1
0,0.002821181,0.002893519,0.004701968,0.002531829,0.001591435,0.005931713,0.003327546,0.002676505,0.003327546,0.002025463,0.006293403,0.004991319,0.003399884,0.000651042,0.001302083,0.005570023,0.005280671,0.003689236,0.003761574,1
0,0.000728826,0.000303678,0.000496007,0.000222697,0.000718703,0.000765942,0.000300303,0.000674839,0.000553368,0.000465639,0.000890787,0.00045889,0.000408278,0.000381284,0.000148465,6.75E-05,0.000927904,0.000391407,0.000236194,1
0,0.000739958,0.000803383,0.000792812,0.000778717,0.000285412,0.000207893,0.000260747,0.000884426,0.000426357,0.000560254,7.05E-06,0.000743481,0.000976039,0.000958421,0.000299507,0.000246653,0.001116984,0.000606061,0.000155039,1
0,0.000421021,0.000578412,0.000916803,0.000330521,0.000476108,0.000810564,0.000247891,0.000983694,0.000653173,0.000417086,0.000657108,0.000554804,0.000586282,0.000716129,3.54E-05,0.000200674,0.001015173,0.00062563,0.000358065,1
0.000450164,0.000513747,0.000119535,0.000605305,0.000595132,0.000208551,0.000602762,0.000526463,0.000694321,0.000389125,0.000361149,0.00027722,0.000437448,0.000399298,0.000483227,0,2.54E-06,0.001068186,0.000447621,0.00023144,1
0.000140618,0.000235629,0.000288836,0.000566271,0.000197625,0.000129216,0.000357245,0.000186223,0.000756295,0.000566271,0.000326841,0.000380048,0.00048266,0.000231829,0.000585273,0,0.000152019,0.000790499,0.00024323,0.000307838,1
0.000132974,0.000267838,0.000127932,0.000266577,0.000222463,0.000119739,0.000262166,0.000250192,0.000403962,0.000221202,0.000136755,9.45E-05,0.000315103,0.00018339,0.000231916,1.39E-05,0,0.000334009,0.000175828,0.000126671,1
0.001809281,0,0.002075351,0.004044274,0.001064283,0.000798212,0.002288208,0.002979991,0.002660707,0.003192848,0.002554278,0.00308642,0.001915709,0.003884632,0.002554278,0.001277139,0.001277139,0.003192848,0.001968923,0.004363559,1
0.001280715,0.001106974,0.001057334,0.001310499,0,0.001191363,0.000982874,0.001648052,0.000322661,0.001876396,0.001121866,0.00097791,0.000640357,0.000858774,0.001444527,0.000982874,0.000913378,0.000317697,0.000506329,0.002020352,1
0.001165575,0.00167419,0.000699345,0.001324517,0,0.000996037,0.00186492,0.001578825,0.000561595,0.002256978,0.002119228,0.000985441,0.000127154,0.000561595,0.000709941,0.00079471,0.000529807,0.000731134,0.000402653,0.001472863,1
0.000542986,0.000282607,0.000381043,0.000587441,0.000603318,0.000123839,0.000603318,0.000581091,0.000978011,0.000638247,0.000419147,0.000523934,0.000765262,0.000581091,0.000412797,0.00013019,0,0.000879575,0.000596968,0.000419147,1
0.000774893,0.000520632,0.000726463,0.001247094,0.001234986,0.000254262,0.000799109,0.001065478,0.001537679,0.000799109,0.000968617,0.000108969,0.001343956,0.000205831,0.001101802,2.42E-05,0,0.000653816,0.00042377,0.00100494,1
0.002869345,0.002468971,0.001801682,0.004070466,6.67E-05,0.004070466,0.005138129,0.001534766,0,0.005538503,0.003002803,0.004270653,0.002468971,0.002735887,0.003469905,0.001134392,0.000533832,0.000467103,0.000266916,0.005738689,1
0.000290943,0.002763958,0.001745658,0.00081464,8.73E-05,0.000320037,0.0010183,0.000465509,0.002269355,0.00162928,0.001309243,0.002327544,0.001309243,0.000669169,0.000901923,0.000116377,0,0.00311309,0.00122196,0.001687469,1
0.001074049,0.000900083,0.00044626,0.001187505,5.29E-05,0,0.001285833,0.000537024,0.000416005,0.00148249,0.000953029,0.000476515,0.000605098,0.001074049,0.000854701,3.78E-05,9.83E-05,0.000423569,0.000877392,0.001051358,1
0.000843189,0.000931946,0.001153838,0.001264784,0.001664189,0,0.000665676,0.001619811,0.002063594,0.002751459,0.000776621,0.001531054,0.002374243,0.000421595,0.000665676,0.000244081,0.000488162,0.002085783,0.001065081,0.001442297,1
0.00283665,0.001925174,0.00022148,0.0018911,0.000400368,0.000570737,0.001243696,0.001439621,0.001311844,0.000979624,0.001763323,0,0.001158512,0.000996661,0.002257394,0.000425923,0.000562219,0.000826291,0.00105629,0.001473695,1
0.000554007,0.00044061,8.47E-05,0.000338142,0,0.000213815,0.000359319,0.000251387,0.000228844,0.000314233,0.000389376,0.000109299,0.000169413,0.000181709,0.000336093,0.000140722,0.000136623,0.000223379,0.000111348,0.000319698,1
0.000395053,0.00136551,0.000283408,0.001219512,0.000171762,0.001193748,0.001442803,0.000206115,0.001331158,0.001133631,0.00077293,0.000695637,0.000532463,0.001004809,0.000747166,5.15E-05,0,0.00136551,0.001451391,0.000669873,1
0.001172031,0.000394328,0.000257409,0.000706505,0.000706505,0,0.000744842,0.000909146,0.000640783,0.00062983,0.000651737,0.00078318,0.000569585,0.000345037,0.000432666,0,0.000120489,0.00095296,0.000301223,0.000509341,1
0.000486967,4.13E-05,0.000445699,2.89E-05,0.000507602,0.000251737,0,0.000635534,0.000569504,0.001271068,0.000726324,0.000342528,0.001423761,0.001518678,0.000441572,8.25E-05,9.08E-05,0.001737401,0.000833622,0.00069331,1
0.001312008,0.002240231,0.000714018,0.001883222,0,0.001169204,0.001820746,0.001820746,0.000892522,0.001972475,0.002115278,0.000910373,0.001329858,0.001151354,0.00138341,0.000633691,0.000954999,0,0.000473037,0.002177755,1
0.003289151,0.000687285,0,0.001325479,0.001399116,0.00041728,0.001350025,0.001423662,0.000662739,0.001129111,0.00137457,0.000834561,0.002724595,0.00054001,7.36E-05,0.000147275,0.000319097,0.002184585,0.000220913,0.000711831,1
0.000117569,0.000339432,0.000343224,0.000597324,0.000369772,0.000326158,0.000724374,0.000388735,0.000625768,0.000572673,0.000364083,0.000635249,0.00041149,0.000500614,0.000201004,4.93E-05,0,0.000718685,0.000384942,0.000400112,1
0.000271621,0.000905403,0.000597566,0.000832971,0.000108648,0.000434594,0.000851079,0.000325945,0.00094162,0.001267565,0.00065189,0.003005939,0.001376213,0.00065189,0.000851079,0.000199189,0,0.000199189,0.000344053,0.001086484,1
0,0.003697369,0.002112782,0.000377283,0.001307913,0.001660043,0.001232456,0.000980935,0.002464913,0.001987021,0.001634891,0.004049499,0.002037326,0.002238543,0.001785804,0.000980935,0.000503043,0.001911565,0.002590674,0.001031239,1
0,0.004206731,0.003004808,0.000961538,0.002403846,0.001021635,0.001682692,0.001923077,0.001742788,0.005709135,0.002824519,0.005588942,0.003125,0.001502404,0.000120192,0.0015625,0.000841346,0.001442308,0.001682692,0.003305288,1
0.001790052,0.000981137,0.000501006,0.000754118,0,0.001388204,0.001015059,0.000516662,0.000347051,0.000868932,0.000821963,0.000336613,0.000829791,0.000331395,0.000253112,0.000819353,0.000529709,0.000245284,0.000156564,0.000874151,1
0.000988794,0.004065041,0.002252252,0.000494397,0.001702922,0.000384531,0.000109866,0.001867721,0.000659196,0.004889035,0.001208526,0.00626236,0.001538123,0.000384531,0.001208526,0.000878928,0,0.000274665,0.000329598,0.004284773,1
0.002148063,0.001342539,0.002071346,0.001150748,0,0.002685079,0.002953586,7.67E-05,0.000613732,0.002685079,0.002991945,0.004411201,0.00287687,0.001802839,0.000383583,0.000690449,3.84E-05,0.000306866,0.000690449,0.002416571,1
0.001648045,0.004581006,0.001592179,0.000335196,0.00047486,0.000977654,0.001117318,0.000558659,0.001703911,0.002039106,0.001201117,0.004162011,0.002430168,0.00103352,0.001368715,0.001201117,0,0.001173184,0.001452514,0.001368715,1
0.000935726,0.00067495,0.000409061,0.000731196,5.11E-06,0.000327249,0,0.000731196,0.000557345,0.000577798,0.000991972,8.18E-05,0.000628931,0.000582911,0.000669837,0.000429514,0.000460193,0.001503298,0.000618704,0.000567572,1
0.000623335,0.000149203,0.000122678,0.000366375,0.000217173,6.47E-05,0.000465843,0.00031001,0.000180701,0.000633282,0.000336535,0.000328246,0.000450923,0.000130967,0.000275196,9.95E-05,0.000152518,0,0.000139256,0.000467501,1
0.000966897,0,7.03E-05,0.001283336,3.52E-05,0.00015822,0.000878997,0.000509818,0.001582195,8.79E-05,0.000246119,0.000492238,0.000668038,0.000896577,0.001423976,0.000263699,0.00014064,0.001933794,0.001177856,0.000527398,1
0.000262271,0.000627576,0.000711877,0.000562008,0.002163732,0.00020607,0.000384039,0.000983514,0.002173099,0.001189584,0.000384039,0.000374672,0.001648558,0.000552641,0.000140502,0,6.56E-05,0.002182465,0.000946047,0.00067441,1
0.000225144,0.000562859,0.000234933,0.000420921,0.001306812,9.79E-05,0.00055307,0.000107677,0.001189346,0.000949519,0.000215355,0.000416026,0.001130613,0.00021046,0.00034261,0,0.000141938,0.001022935,0.000234933,0.000631381,1
0.000136029,0.000157793,0.000788965,0.000680143,0.000745436,0.00033191,0.000647496,0.000282939,0.001311315,0.00062029,0.000609408,0.000462497,0.000837936,0.000984846,0.000418968,2.72E-05,0,0.001637783,0.000794407,0.000146911,1
0.000203519,0.000508798,0.000131439,0.000674157,0.001098156,7.21E-05,0.000597838,0.000203519,0.001335595,0.000339199,0.000309519,0.00011024,0.000890396,0.000801357,0.000542718,2.12E-05,0,0.001785033,0.000661437,0.000169599,1
0.001312517,0.00113291,0.000594087,0.001326333,0.001395413,0,0.001215805,0.001796076,0.001754628,0.00205858,0.001160542,0.000690799,0.001616469,0.000580271,0.001201989,0.000373031,0.000442111,0.002141476,0.000911854,0.001423045,1
0.000479693,0.000593906,0.000217004,0.000679565,0.00135913,0.000348348,0.000730961,0.000376902,0.001507607,0.000559642,0.000251268,0.000348348,0.001239207,0.000473982,0.000416876,0,5.71E-06,0.001838823,0.000828041,0.000496825,1
0.000109541,0.002409903,7.30E-05,0.00317669,0.000182568,0.000985869,0.002738526,0.000730273,0.001460547,0.003760908,0.002446416,0.001898711,0.001716143,0.001131924,0.001022383,0,0.000438164,0.000255596,0.00109541,0.00288458,1
0.002041933,0.001150125,0.000535085,0.001266983,0,0.00076265,0.001759015,0.001082471,0.000541235,0.001845121,0.00123008,0.001199328,0.001051719,0.000559687,0.001802068,0.00091641,0.001156276,0.000141459,0.000282918,0.001931226,1
0,2.29E-05,0.001371554,0.001314406,0.000514333,0.000617199,0.000251452,0.00058291,0.001451561,0.000811503,0.00028574,0.00029717,0.001462991,0.001508709,0.001017236,0.000320029,0.00088008,0.002228775,0.001965894,0.000674347,1
0.000224013,0.000444228,8.73E-05,0.00055054,0.000934019,9.11E-05,0.000535352,0.000174654,0.001245358,0.000269575,0.00025059,9.49E-05,0.000934019,0.000580914,0.000535352,0,6.83E-05,0.001636431,0.000558133,0.000144279,1
0.00118884,0.000796196,0.000774382,0.001112493,0.001177933,0.000719848,0.001701459,0.000818009,0.002050477,0.001265188,0.000632594,0.001265188,0.00207229,0.000774382,0.000948891,0.000152695,0,0.001406976,0.00115612,0.000992518,1
0,0.001530612,0.00235797,0.000468836,0.00039989,0.000234418,0.001406509,0.00097904,0.001420298,0.001323773,0.000317154,0.003488693,0.000799779,0.000937672,0.000234418,0.001103144,0.000565361,0.001268616,0.002137341,0.000165472,1
0.000745563,0.000707996,0.000332325,0.000693547,0,0.000488373,0.000601074,0.000421908,0.00065887,0.000375672,0.000436357,0.000115591,0.000309207,0.00026586,0.000696437,6.65E-05,0.000121371,0.000456585,0.00026875,0.000320766,1
0.000413836,0.000810429,0.000758699,0.000775942,0.001827775,0.000913888,0.001172535,0.000551781,0.002465772,0.001896748,0.000775942,0.001207021,0.00168983,0.000913888,0.001017347,0,0.000137945,0.002189882,0.001189778,0.000913888,1
0.001552527,0.001233397,0.000517509,0.001060894,0.000276005,0.000336381,0.000362256,0.001242022,0.001397274,0.000483008,0.000767638,0,0.001293773,0.000922891,0.001526652,0.000353631,0.000370881,0.002337416,0.001181646,0.000698637,1
0.000141473,0.000217262,0.000207156,0.000407576,0.000623154,0.000138104,0.00027284,0.000286314,0.000626522,0.000277893,0.000127999,0.000121262,0.000508628,0.000269472,0.00057768,0,8.59E-05,0.00069389,0.000385682,0.000190315,1
0.000291201,0.000488255,0.000764129,0.000750992,0.000352507,0.000521097,0.000989646,0.000148885,0.000510149,0.000926151,0.000882361,0.000858277,0.000409433,0.000709392,0.000197053,0.000109474,0,0.000558318,0.001383753,0.000236464,1
0.000147548,6.44E-05,0.000819561,0.000254855,4.02E-05,0.000348749,7.51E-05,0.00028973,0.000363504,0.000329971,0,0.000591533,0.00015962,0.000124745,0.000138158,0.000270951,0.000610311,0.000882604,0.000890652,0.000329971,1
0.00082846,0.000540936,0.000165692,0.000501949,0.000735867,0.000423977,0.000692008,0.000346004,0.00119883,0.000570175,0.000687135,0.000268031,0.001306043,0.00039961,0.00038499,0,0.000136452,0.001554581,0.000477583,0.000365497,1
0.000722736,0.000418426,0.001388413,0.000969987,0.001863897,0.000855871,0.001046065,0.000627639,0.002567614,0.000779794,0.000912929,0.001065084,0.001978014,0.001939975,0.000931949,5.71E-05,0,0.00418426,0.002567614,0.000418426,1
0.000397227,0.000296114,0.000671674,0.000765564,0.00128557,0.000390004,0.000859454,0.000548895,0.001119457,0.00065723,0.000202224,0.000924455,0.000830565,0.000491117,0.000397227,0.000195002,0,0.000895566,0.000606673,7.22E-06,1
0.001270289,0.000882145,0,0.001035051,0.001893672,0.000258763,0.001293813,0.00121148,0.001752529,0.001552576,0.000905669,0.000541049,0.002199482,0.001117384,0.00084686,0.000176429,0.000341096,0.0018231,0.00121148,0.001493766,1
0.001212522,0.000363108,0.00035014,0.000778089,0.00055763,0.000110229,0.000868866,0.00087535,0.000473337,0.000791057,0.000758637,0.000907771,0.000583567,0.000421465,0.000330688,0,6.48E-05,0.000512242,0.000265847,0.000577083,1
0.000153403,0.000265506,0.000262555,0.000749316,0.000224205,0.000295006,0.000932219,0.000168153,0.000244855,0.000684414,0.000218305,0.000716865,0.000351057,0.000197654,0,0,5.90E-05,0.000144553,0.000138653,0.000380558,1
0.00176792,0.00233044,0.0004018,0.004178721,0.00136612,0.0008036,0.00233044,0.00128576,0.00192864,0.003535841,0.00144648,0.004018001,0,0.004901961,0.00128576,0.00016072,0.0004018,0.00249116,0.00265188,0.003857281,1
9.80E-05,0.000457236,0.000726679,0.000653195,0.002245356,0.000179628,0.000106144,0.000285773,0.002000408,0.00054705,0,0.000449071,0.001477853,0.000775669,0.000530721,4.90E-05,0.000155134,0.001698306,0.000832823,0.000326597,1
0.001429193,0.002713395,0.001097786,0.00246484,0,0.001802026,0.003272644,0.001657035,0.002340562,0.002526979,0.001967729,0.001822739,0.000890656,0.001532758,0.000994221,0.000497111,0.001304915,0.002444127,0.001242776,0.001449906,1
0.000996512,0.000249128,0.001192256,0.00124564,0.002633639,0.000836358,0.001548153,0.000711794,0.001690512,0.001672717,0.000676205,0.001299025,0.001690512,0.001334615,0.000765179,0.000391487,0,0.002971742,0.001138871,0.001121076,1
0.000459399,0.000560783,0.001102557,0.001191268,0,0.000636822,0.000940975,0.000319995,0.000361182,0.000836422,0.000678009,0.000959985,0.000855432,0.001026518,0.000576625,0.000367519,0.000243957,0.000959985,0.001102557,0.000443557,1
0.001404514,0.000786528,0.00103934,0.001376424,0.002120816,0.000870799,0.001825868,0.001067431,0.002738803,0.001544966,0.000702257,0.001348334,0.002570261,0.001207882,0.000912934,0,0.000140451,0.002050591,0.001811823,0.001053386,1
0.000207431,0.000490019,8.72E-05,0.000568182,0.000640332,0.000252525,0.000757576,0.000381794,0.00087482,0.000625301,0.00016835,0.000237494,0.000757576,0.000366763,0.000357744,0,0.000147306,0.000808682,0.0003367,0.000514069,1
0.000484516,0.000962111,0.00012459,0.000969032,0.000235336,0.000179963,0.001052092,0.000927503,0.000512203,0.001723494,0.000872129,0.000975954,0.000546811,0.000387613,0.000567576,5.54E-05,0.000609106,2.08E-05,0,0.001557374,1
0.001164974,0.000457875,0.000202856,0.000602773,0.000666528,0.000260815,0.000573793,0.000794037,0.000851996,0.000736078,0.000654936,0.000428896,0.001373626,0.000573793,0.000440488,0.00019706,0,0.001089628,0.000515834,0.000567997,1
0.000504526,6.92E-05,0.000573775,0.000733046,0,0.000197853,0.000304694,0.000570807,0.000111787,0.000432309,0.000222585,0.000381857,0.000167186,0.000299748,0.000519365,0.000491665,0.000631152,0.000259188,0.000533215,0.000531236,1
0.001574406,0.000617167,0.002342717,0.000629763,0,0.001864097,0.000163738,0.001448454,0.001498835,0.001826311,0.000944644,0.001738145,0.000793501,0.000377858,0.001423263,0.002468669,0.002367907,0.002393098,0.002304931,0.001712954,1
0.00013873,5.00E-05,0.000678184,0.000337045,0,0.000399814,0.000221058,0.000186034,0.000165111,0.000144188,5.69E-05,0.00030748,9.05E-05,0.000114623,0.000141914,0.000358423,0.000512163,0.000308389,0.00045849,0.00015374,1
0.000787243,0.001754183,7.27E-05,0.001026839,0,0.00048347,0.000919877,0.000474913,0.000847142,0.000915598,0.001270713,0.000316609,0.001146637,0.000971219,0.001347726,0.000136912,0.000560483,0.00062466,0.000346558,0.000830028,1
0.000410509,0.000672283,0.000279622,0.000707979,0,0.000365888,0.001091716,0.000443231,0.000217153,0.000889436,0.000654435,0.000770448,0.000725828,0.000583042,0.000478927,0.000211204,0.000142786,0.000321268,0.000345066,0.000615764,1
0.002095396,0.002150538,0.000661704,0.001047698,0.003639371,0.001599118,0.003529087,0.000716846,0.001157982,0.003584229,0.002426248,0.006947891,0.001819686,0.000330852,0.001764544,0.000385994,0.000771988,0,0.000771988,0.004687069,1
0,0.002499675,0.001428386,0.002499675,0.001136216,0.001298533,0.002921698,0.002207506,0.002597065,0.003700818,0.001688092,0.002337359,0.001947799,0.002467212,0.002532139,0.001071289,0.000519413,0.002629529,0.003019088,0.001590703,1
0.000838635,0.001012146,5.78E-05,0.001253133,0.0003663,0.000510893,0.001156738,0.001195296,0.000809717,0.001089262,0.000877193,0.000828996,0.001002506,0.00093503,0.001542317,0.000453056,0.00055909,0,0.000607287,0.001002506,1
0.001606355,0.001737784,0.00049651,0.001299687,0.001109845,0.000569526,0.001591752,0.001007623,0.001022226,0.001810801,0.001051433,0.00054032,0.000627939,0.000642542,0.001255878,0.000350478,0,0.000613336,0.000671749,0.002073659,1
0.001195304,0.001593738,0.000156348,0.000635478,0.001139825,0.000327826,0.00061026,0.001296173,0.00142226,0.000776695,0.000776695,5.04E-05,0.000857391,0.00059513,0.001038956,0,0.00047913,0.001684521,0.00058,0.000933043,1
0.00169306,0.001875502,0,0.001189521,0.000109465,0.00043786,0.001342772,0.001853609,0.001167628,0.001328176,0.001510618,7.30E-05,0.000839232,0.000700577,0.001393855,0.000306502,0.0006276,0.000985186,0.000620302,0.001620083,1
0.000111091,0.000362076,0.000547228,0.000771468,2.06E-06,0,0.000300358,0.000386763,0.000678892,0.000228355,0.000232469,8.64E-05,0.000419679,0.000510198,0.000436137,5.76E-05,0.000102862,0.001003938,0.000648033,0.000250984,1
0,0.000359263,0.001206654,0.000577944,0.000542799,0.000550609,0.000124961,0.000534989,0.000480319,0.001218369,0.000574039,0.000164011,0.000484224,0.000679475,0.001105123,0.001034833,0.001105123,0.000616995,0.001163699,0.00061309,1
0.000333712,1.18E-05,0.000366614,0.000216208,0,0.000173907,0.000357213,0.000552271,0.00027261,0.001203245,0.000719127,0.000493518,0.000761428,0.000686226,0.000336063,0.000155106,3.29E-05,0.000162156,0.000305511,0.000582822,0
0.00045116,0.000996593,0.001097599,0.000935989,0.001138001,0.000922522,0.001286143,0,0.001441019,0.001366948,0.000929255,0.001151469,0.001265942,0.001138001,0.000686841,0.000430959,0.000235681,0.001501623,0.000935989,0.000552166,0
0.001778788,0.002421446,0,0.001354174,0.001032844,0.000665611,0.001032844,0.001021368,0.002134545,0.000998416,0.001606647,0.000149189,0.001159081,0.001124653,0.001618123,0.000367234,0.000413138,0.003087057,0.000975464,0.000918084,0
0.00222911,0.00030337,0.00021104,0.00034294,0.00058036,0,0.00063312,0.00217635,0.00192574,0.00331069,0.003521731,0.00038251,0.00286223,0.00321836,0.00076502,0.00121348,0.00042208,0.00214997,0.00089692,0.00191255,0
0.000599753,0.000188898,0.000420299,0.000108617,0.000481691,9.44E-05,0,0.000656422,0.00034474,0.001931487,0.001388404,0.000316405,0.001435628,0.001813425,0.000675312,0.000599753,0.000439189,0.001407293,0.000793373,0.001090888,0
0.000446533,0.001931739,0.000922187,0.002145298,0,0.000941601,0.002106469,0.000504776,0.001824959,0.002805389,0.002582123,0.000873651,0.001854081,0.001999689,0.000990137,0.000446533,0.000621263,0.001291062,0.001475499,0.001650229,0
0.000762309,0.000103746,0.000293196,3.61E-05,0.00057737,0.000117278,0,0.000857033,0.000234556,0.00193058,0.001366743,0.000369878,0.00135321,0.001759174,0.000505199,0.000527752,0.000442049,0.001055504,0.000784862,0.001114143,0
0.000725833,0.000251386,0.000265549,0.000102679,0.000601911,0.000155789,0,0.000683345,0.000616073,0.00125339,0.000871,0.000155789,0.001118845,0.001147171,0.000393012,0.000470906,0.000400093,0.001812813,0.000559423,0.000941813,0
0.000782979,0.00035035,4.25E-05,0.00015925,0,0.000106167,6.10E-05,0.000610458,0.000313192,0.001449175,0.001319121,0.000185792,0.000597188,0.000995313,0.000493675,0.00041405,0.000257454,0.000368929,0.000273379,0.001165179,0
0.000803559,0.000220022,0.000215239,0.000220022,0.00038743,2.87E-05,8.61E-05,0.000698331,0,0.002028029,0.001420577,0.000306118,0.001697996,0.001234036,0.000507007,0.000368298,0.000454393,0.000813125,0.000220022,0.001444492,0
0.000547909,0.000514192,0.000335489,0.000440856,0,0.000483003,0.000474574,0.000469516,8.68E-05,0.000928074,0.000746842,0.000292499,0.000606072,0.00053948,0.000426526,0.000434113,0.000416411,0.00017786,0.000286599,0.000841251,0
0.001743183,0.000880766,0.000449558,0,0.000844068,0.000293589,3.67E-05,0.001495468,0.000660575,0.002477155,0.00288084,0.00051378,0.001981724,0.002789093,0.00092664,0.000963338,0.000853242,0.003229476,0.001247752,0.001651437,0
0.000547453,0.000799282,0,0.000459861,0.001116805,0.00035037,0.000810231,0.000218981,0.000427014,0.002386896,0.001970832,0.00047081,0.002058424,0.003438006,0.000952569,0.000339421,0.000317523,0.003021942,0.001686156,0.001281041,0
0.000486967,4.13E-05,0.000445699,2.89E-05,0.000507602,0.000251737,0,0.000635534,0.000569504,0.001271068,0.000726324,0.000342528,0.001423761,0.001518678,0.000441572,8.25E-05,9.08E-05,0.001737401,0.000833622,0.00069331,0
0.000917326,0.000687994,0.001366434,0.001891985,0.000410886,0.001146657,0.002321981,0.000907771,0.000525551,0.002589535,0.001729542,0.002016206,0.001853763,0.000984214,0.000735772,0.000649773,0.000544662,0,0.000535107,0.001949318,0
0.002737885,0.000856639,0.000117578,0,0.000856639,0.000235156,0.000117578,0.001646091,0.000873436,0.002653901,0.002939447,0.000386327,0.003006635,0.003141009,0.001410935,0.001091795,0.000503905,0.003342572,0.001528513,0.001881246,0
6.05E-06,0.000243172,0.00013066,0.000154856,0.000477876,0.000233494,0.000234704,0,0.00051538,0.00026011,0.000232284,0.000173003,0.000417385,0.00058555,0.000227445,7.74E-05,2.42E-05,0.0010973,0.000512961,0.000148807,0
0.000410998,4.96E-05,0.000177154,0.000145266,0.000474773,0,0.000102749,0.000372024,0.000216128,0.001289683,0.000832625,8.15E-05,0.001208192,0.000715703,0.000432256,0.000162982,0.000322421,0.000754677,0.000113379,0.000853883,0
0.000569733,0.00104451,0.000807122,0.000166172,0.002373887,0.000205737,0,0.000110781,0.000846686,0.002540059,0.001851632,0.000316518,0.001748764,0.002429278,0.000727992,0.001052423,0.000767557,0.00181998,0.00176459,0.00211276,0
0.000470006,0.001292517,0.00096475,0.000816327,0,0.000989487,0.000822511,0.001799629,0.000519481,0.000352505,8.66E-05,0.001014224,0.000630798,0.000921459,0.001867656,0.000952381,0.00034632,0.000185529,0.001273964,0.000525665,0
0.000440256,0.001772923,0.001677733,0.001677733,0.000666333,0.003545846,0.002510649,0.000261774,0.001296971,0.002117989,0.001511149,0.001927608,0.001784822,0.00090431,0,0.001035197,0.000618738,0.000666333,0.000583042,0.001213679,0
5.09E-05,0.000946915,0.000467403,0.000462559,0.000201007,0.00092754,0.001411896,0,0.000469825,0.000358423,0.000605444,0.001005037,0.000513417,8.23E-05,0.000573961,0.000748329,0.000331783,0.000210695,0.000145307,5.33E-05,0
0.000618358,0.000355463,6.29E-05,6.66E-05,0.000870145,0,3.70E-05,0.000847928,0.000155515,0.001236716,0.001055282,0.000129596,0.001036768,0.001669937,0.000529492,0.000677602,0.000344355,0.000896064,0.000677602,0.00087755,0
0.000155972,0.00014324,0.000120958,6.37E-06,0.00076713,0.00010186,1.27E-05,0.000324677,0.000292846,0.00076713,0.000757581,0,0.000837158,0.001387837,0.000375607,0.000416988,0.000111409,0.001184118,0.000757581,0.000410621,0
0.000507813,0.001614583,0.000885417,0.002200521,0,0.000846354,0.002135417,0.001132813,0.000338542,0.000572917,0,0.001640625,0.00078125,0.000585938,0.0015625,0.000924479,0.000742188,0.000651042,0.000625,0.000664063,0
0.00162704,0.002073164,0.000866005,0.002283105,0.00081352,0.00081352,0.001364614,0.002020679,0.000787278,5.25E-05,0,0.00314911,0.000551094,0.000970976,0.00212565,0.001574555,0.000997218,0.000157456,0.000498609,0.00010497,0
3.23E-05,0.002127302,0.000468782,0.001234999,0.000168115,0.00058517,0.001354619,0.000135785,0.000643363,8.73E-05,0.000197212,0.001060418,0.000362094,2.59E-05,0.00015195,0.000569005,0,0.000174581,0.000164882,9.70E-06,0
0,0.000237672,4.78E-05,0.000203413,0.000271931,0.00017986,0.000322606,7.49E-05,0.000585259,0.000150597,0.000160589,8.85E-05,0.000290488,0.000254802,0.000613095,0.000169868,5.42E-05,0.00039612,0.000117052,7.49E-05,0
0.000163435,0.000882549,0.000791025,0.000418394,0.000555679,0.001059059,0.000647203,0.000836787,0.00098061,0.000660277,0.00067989,0.000451081,0,0.000594903,0.00151014,0.002301165,0.001464378,0.00183701,0.000915236,0.001209419,0
2.22E-05,0.000358599,0.000634689,0.000380813,0.000748933,0.000514098,0.00027609,0.000234835,0.001272551,0.000155499,5.08E-05,0.000342732,0.000901258,0.000472843,0.000656903,0.000326865,0,0.000872697,0.000606128,8.25E-05,0
0.000203047,0.000843914,0.000488582,0.000723355,0.000869295,0.000520308,0.000634522,0.001205591,0.001567269,0.000342642,5.71E-05,0.000380713,0.001389603,0.001053306,0.001040616,0.000501272,0,0.001294424,0.001046961,0.000374368,0
0,0.004157218,0.003354119,0.005527211,0.001228269,0.002078609,0.005574452,0.00297619,0.001511716,0.003259637,0.001417234,0.005952381,0.002267574,0.001511716,0.001369992,0.00042517,0.000283447,0.002173091,0.001322751,0.00212585,0
6.58E-05,0.000126476,0.000120405,9.41E-05,0.000322767,3.64E-05,8.60E-05,0.000116358,0.000358181,0.000334909,0.000237775,0,0.000472515,0.000395618,0.000228669,0.000185161,6.78E-05,0.000731539,0.000262059,0.000180102,0
3.23E-05,0.003288906,0.000269582,0.001121463,0,0.0001294,0.000485248,0.000695523,0.000641606,0.000107833,1.08E-05,0.000474465,0.000140183,0.000242624,0.001488095,0.001498879,0.000177924,0.000145575,0.00107833,0.000113225,0
0.000679181,0.001936388,0.000520224,0.001199405,0.00066473,0.002586668,0.002658921,0,0.001343911,0.000303464,0.000736984,0.001661826,0.001459516,0.000317914,0.001777431,0.000910391,0.00066473,0.000606928,0.00044797,0.000187859,0
9.81E-05,0.000359742,0.000382225,0.000267762,0.00023097,0.000652032,0.000439457,0,0.000694955,0.000110375,0.000143079,0.000406753,0.000398577,0.000190091,0.000840078,0.000825771,0.000173739,0.000439457,0.000151255,7.56E-05,0
0.000261449,0.000461381,0.000102529,0.000401572,9.06E-05,0.000690362,0.001331169,0.000131579,0.000228982,0.000181135,0.000273411,0.000698906,0.000239234,0,0.000717703,0.000452837,0.00024607,9.57E-05,0.000119617,0.000152085,0
0.000263614,0.001265346,0.000986669,0.000813437,0.000301273,0.002334865,0.001242751,0,0.000964073,0.000971605,0.000670332,0.00091135,0.001227687,0.000451909,0.000436846,0.000986669,0.000353996,0.000316337,0.000346464,0.000353996,0
0.001323502,0.002382303,0.002420117,0.003705804,0.002836075,0.00366799,0.003554547,0,0.003857062,0.003894876,0.003214218,0.002873889,0.00340329,0.003554547,0.00340329,0.002873889,0.003025147,0.002949518,0.003100775,0.00393269,0
0.001156224,0.000569969,0.001511233,0.000986861,0.000341982,0.001247419,0.001459122,0.000403864,0.000931493,0.00085984,0.001240905,0.001371184,0.000328954,0.000556942,0.000394093,0.000143307,0,0.00057974,0.002003035,0.000162848,0
0.00111439,0.000417896,0.000310256,3.80E-05,0.000582522,0.000272266,0,0.000880114,0.000291261,0.001215698,0.001823547,3.17E-05,0.001127053,0.001639926,0.000956096,0.000664835,0.000455887,0.002064153,0.000690162,0.00111439,0
0,0.000118168,0.000263606,0.000490853,0.000775668,0.000602961,0.000754459,0.000336325,0.000705979,0.000309055,0.000612051,0.000251486,0.000218157,0.000387834,0.001424078,0.001078664,0.000506002,0.000872627,0.000302995,0.000396924,0
0,0.000450714,0.00029938,0.000371757,0.000143658,0.000368467,0.000360791,1.54E-05,0.000391496,0.000336665,0.000636044,0.000207263,0.000256611,0.000518705,0.000298283,0.000415622,0.000119532,0.000285123,0.000230292,0.000153528,0
6.15E-05,0.001020559,0.000786937,0.000885304,0.002729687,0.00110663,0.00131566,0,0.002852646,0.000577907,0.000713162,0.001573874,0.002496065,0.000491836,0.00062709,0.000590203,0.000553315,0.002815758,0.001020559,0.000454948,0
0.000207039,8.70E-05,0.000219462,0.000120083,0.000902692,0,8.28E-05,0.000347826,0.000360248,0.001569358,0.001060041,0.000128364,0.001126294,0.001581781,0.000501035,0.000608696,0.000236025,0.001151139,0.000616977,0.000952381,0
0,0.000108278,0.000249956,0.000247387,0.000582129,0.00031529,0.00027308,5.95E-05,0.000322263,4.77E-05,5.47E-05,0.000284091,0.000154525,0.000124794,0.000371447,0.000317859,0.000219491,6.46E-05,0.000125896,5.43E-05,0
0,0.000728032,0.00044315,0.000870474,0.001598506,0.0008863,0.001266143,0.000245315,0.001669727,0.000237402,0.000364016,0.001099962,0.001274057,0.000728032,0.000728032,0.000601418,8.70E-05,0.002271145,0.001297797,0.000142441,0
0.000359111,0.000218589,0.000174872,0.000106172,0.000818149,0.000124908,0,0.000387216,0.000443424,0.0007151,0.000652646,4.68E-05,0.000843131,0.001171015,0.00041532,0.00038097,0.000202976,0.001292801,0.000608928,0.000499633,0
0,0.00094898,0.000943878,0.00077551,0.000704082,0.000372449,0.000479592,0.000341837,0.001403061,0.000913265,0.000872449,0.000612245,0.000571429,0.001137755,0.000903061,0.000505102,0.000183673,0.001081633,0.001234694,0.000918367,0
0.000172711,0.000380739,0.000214058,0.00028297,3.01E-06,0.000530192,0.000751572,8.27E-05,6.25E-05,0.000311827,0.000348437,0.000551296,0.000130502,0.000118873,3.49E-05,0.00011672,6.12E-05,0,9.65E-05,0.000140839,0
0.000269669,0.000703253,0.000470598,0.000814293,0,0.000682103,0.001078674,0.000269669,0.000375421,0.000518187,0.000560488,0.001295467,0.000692678,0.000227368,0.000179779,0.000639802,6.87E-05,5.29E-06,0.000148053,5.82E-05,0
0.000216539,0.000124243,0.000212989,0.000230738,0.00113239,3.55E-06,2.84E-05,0.000323033,0.000702863,0.001256634,0.000823557,0,0.001228235,0.001441224,0.000404679,0.000614118,0.000241387,0.001441224,0.000589269,0.000841306,0
0.000448864,0.000553794,0.000926876,0.00078697,0.001095929,0.000746164,0.000308959,0.000279812,0.001253323,0.001066782,0.001247493,0,0.000909388,0.001025976,0.001206687,0.001090099,0.000571282,0.001037635,0.000798629,0.0007928,0
0,0.000362683,0.000569133,0.000510546,0.000557973,0.000331994,0.000292936,5.58E-06,0.000650039,0.000850909,0.000716996,0.000234349,0.000853699,0.001422832,0.000323625,0.000379422,0.000228769,0.000923446,0.001009932,0.000465908,0
0,0.000435168,0.000466369,0.000372767,0.000412178,0.000297228,0.000254532,7.55E-05,0.000758671,0.000270954,0.000274238,0.000331713,0.000221689,0.00054355,0.000515633,0.00032186,0.000108382,0.000817788,0.000561613,0.000165857,0
1.29E-05,0.000327974,0.000406752,0.000593247,0.000516076,0.000487137,0.000564308,0,0.000747587,0.000564308,0.000540192,0.000454983,0.00042926,0.00050643,0.00022508,0.000282958,7.88E-05,0.000504822,0.000575562,0.000229903,0
2.30E-05,3.21E-05,0.000128568,4.29E-05,0.000584679,3.67E-05,4.13E-05,0.000192852,0.000258667,0.000492845,0.000387235,0,0.00053417,0.000685697,0.000348971,0.000229586,7.65E-05,0.00109589,0.000439275,0.000263259,0
0,0.003566768,0.002696825,0.003827751,0.002957808,0.004349717,0.005828621,0.000521966,0.005480644,0.003740757,0.003566768,0.005741627,0.005741627,0.005828621,0.003914746,0.002696825,0.001217921,0.001304915,0.006350587,0.003218791,0
0.000887749,0.001315184,0.002564608,0.002630368,0.001019267,0.000657592,0.002564608,0.000657592,0.000460314,0.002630368,0.001676859,0.001479582,0.001315184,0.002170053,0.002630368,0.001578221,0.001742619,0,0.001315184,0.002071414,0
0.000526667,0.000204378,0.000314428,2.75E-05,0.000750698,0,7.47E-05,0.000569901,0.000306568,0.001186967,0.000880399,0.000145423,0.001069056,0.001501395,0.000479503,0.000676021,0.000412687,0.00133632,0.000636717,0.000679951,0
0.000500383,0.000574353,0.000543894,0.000813666,0.000435116,0.000726643,0.001209621,0.000687483,0.000530841,0.000208855,0.000382902,0.000661376,0.000256718,0,0.002092906,0.001122598,0.000539543,0.0001871,0.000261069,0.000304581,0
0.001064283,0.000222532,0.000183831,0.000445064,0.002012462,0,0.000522466,0.001219087,0.002602655,0.002031812,0.002060838,0.000222532,0.002622005,0.002380123,0.000609544,0.00096753,0.000396687,0.002680057,0.000667595,0.001286815,0
0,0.00090219,0.00163846,0.00119255,0.00085034,0.00210511,0.00139995,0.00022814,0.00083997,0.00027999,0.00119255,0.00097478,0.00059109,0.00023851,0.00034221,0.00144143,0.00078812,0.00108885,0.00030073,0.0003111,0
0,0.001274671,0.002302632,0.001973684,0.0015625,0.001274671,0.001233553,0.001027961,0.001891447,0.002796053,0.002796053,0.001726974,0.001726974,0.0046875,0.00234375,0.001850329,0.001603618,0.001151316,0.002220395,0.001110197,0
0,0.00097379,0.000650765,0.000747437,0.000181554,0.000738006,0.000688491,0.000301804,0.000851182,0.000473927,0.000704996,0.000485716,0.000391402,0.000756868,0.000808741,0.000617756,0.000419696,0.00045978,0.000447991,0.000436201,0
6.25E-05,0.000225068,7.64E-05,0.000167396,5.06E-05,0.00024866,0.000301838,3.37E-05,0.000180878,2.32E-05,5.32E-05,0.000172265,6.55E-05,2.40E-05,0.000529527,0.000405571,9.40E-05,1.39E-05,0,1.72E-05,0
0.00024704,0.000253429,0.000218289,0.000169307,0.000116066,0.000305605,0.000189539,0.000161854,0.000235327,0.000196993,0.000200187,0.000226808,0.000205512,3.62E-05,0.000960474,0.000784777,0.00070598,0.000102223,0,0.000230003,0
0,0.000204174,6.67E-05,0.000225008,0.000468072,0.000136116,0.000265287,8.33E-05,0.000675023,0.000345845,0.000387513,4.44E-05,0.000537519,0.000534741,0.000495851,0.000129171,3.06E-05,0.000761138,0.000254175,0.000191673,0
0.001987054,0.00192684,0.000311104,0.000150534,0.000100356,0.000662351,0.000511817,0.000491746,0.000371318,0.000371318,0.000381354,0.004485925,0.000411461,0.000110392,0.002448693,0.00128456,0.000812886,0,0.000260926,0.000451603,0
0.000773096,0.002457342,0.00049699,0.000773096,0,0.00140814,0.000690265,2.76E-05,0.002595395,0.000773096,0.003368491,0.000800707,0.001132034,0.000607433,0.003506544,0.001297697,0.000441769,0.000331327,0,0.000607433,0
0.000271801,0.000255256,4.73E-05,0.000137082,0.000271801,4.96E-05,5.67E-05,0.00021035,0.000337978,0.000919396,0.000718499,9.45E-05,0.000486878,0.000720863,0.000342705,0.000330888,0,0.000574327,0.000181988,0.000635777,0
0.000115937,0.000185047,4.20E-06,0.000120458,0.00027321,0.000211851,0.000214112,0,0.000166639,4.33E-05,0.000280315,0.000198933,8.40E-05,5.07E-05,0.000280315,0.000206684,5.62E-05,0.000106894,3.52E-05,4.94E-05,0
0.000677909,0.00144003,0.000404219,0.000694751,0,0.001254763,0.001511611,0.000256848,0.000277901,0.000181056,0.000320007,0.002762163,0.000227373,0.000101055,0.000677909,0.000534748,0.000181056,0.000105265,2.95E-05,0.000105265,0
0,0.000287729,0.000101422,0.000154337,0.000496084,0.000192922,0.000217175,9.92E-06,0.00058097,0.000233711,0.000213867,0.000169771,0.000424428,0.000499391,0.000224892,6.72E-05,1.54E-05,0.000977837,0.000492777,0.000126777,0
0.00027063,6.59E-05,5.41E-05,1.35E-05,0.000156063,0.000301301,5.95E-05,0.000322952,0.000168693,0,2.44E-05,2.44E-05,7.58E-05,2.89E-05,0.001321576,0.000373469,0.000554791,0.000118175,6.59E-05,2.89E-05,0
0.000257412,0.00048997,0.000394106,0.000330197,0.000191727,0.001141488,0.00014202,0.001269306,0.000362152,1.07E-05,0,0.000110066,0.000358601,0.000216581,0.001453932,0.000688798,0.000237884,0.0003515,0.000734955,5.33E-06,0
0,0.000315209,0.002226162,0.002029157,0.000847124,0.001733649,0.00108353,0.001615445,0.001950355,0.001733649,0.000275808,0.000236407,0.002206462,0.001004728,0.000394011,0.001457841,0.00070922,0.000866824,0.001260835,0.001201734,0
1.05E-05,0.002059433,0.000183177,0.001140931,4.45E-05,0.000170093,0.000790278,0.000334952,0.000785044,4.71E-05,8.64E-05,0.000643736,0.000141308,0.000117757,0.000570466,0.000512896,0,0.000130841,0.000405606,1.83E-05,0
0.00045058,2.70E-05,0.000189244,3.00E-05,0.000594766,0,4.81E-05,0.000327422,0.000387499,0.001075385,0.000943215,0.000141182,0.001360753,0.001105424,0.000666859,0.000261337,0.000291375,0.001447865,0.000366472,0.00069089,0
0.000111047,0.00105222,0.000154738,0.000265786,0.00016202,0.00133621,0.001529177,0,0.000302195,0.000127431,0.000340424,0.000755486,0.000267606,0.000187506,9.10E-05,0.000111047,5.10E-05,0.000198429,0.000154738,9.28E-05,0
0.000138961,0.000796709,0,0.000453939,0.000560476,0.000194545,0.000370563,0.000138961,0.000606796,0.000694805,0.00091251,0.000222338,0.000620692,0.001130216,0.000713333,0.000189913,4.63E-06,0.000981991,0.000384459,0.000458571,0
2.62E-05,8.24E-05,0.000531764,0.000539253,0.00015541,0.000222816,0.000104855,0.000149793,0.000348268,0.000464357,8.99E-05,0,0.000183496,0.00035014,0.000490571,0.000352012,0.00044376,0.000616022,0.000413802,0.000391333,0
0.001241074,0.000677817,0,4.77E-06,9.07E-05,0.000257761,1.91E-05,0.00110742,9.55E-05,0.001713637,0.001971398,0.000310268,0.001680223,0.002171879,0.000735098,0.000682591,0.000267308,0.0012363,0.000615764,0.00113606,0
0,0.000305148,0.000373956,0.000405368,0.000315619,0.000291686,0.000311131,0.000104708,0.000477168,0.000348527,0.000302156,0.000198945,0.000299165,0.000239332,0.000565421,0.000498109,0.000197449,4.19E-05,7.93E-05,0.000324594,0
0.000874224,0.000817988,0.000342532,0.000362982,0.000122698,0.001129845,0.000414106,0.000945798,0.000669727,5.11E-05,0,0.000245396,0.000746414,0.000521467,0.002443738,0.000797538,0.000362982,0.000209609,0.001508165,0.000209609,0
6.15E-05,0.000116665,9.70E-05,0.000108752,1.93E-05,0.000635472,0.000701413,8.12E-07,3.02E-05,8.22E-05,0.000269041,0.000430952,7.99E-05,3.04E-06,4.87E-06,8.99E-05,1.70E-05,0,4.06E-07,3.00E-05,0
0.000162967,0.000395196,7.33E-05,0.000533718,2.85E-05,0.000118151,0.00049705,0.000468531,0.00074965,0.00035038,0.000309638,8.15E-05,0.000256674,0.000435938,0.000391122,9.37E-05,0,0.001283368,0.000431863,0.000334083,0
5.59E-05,9.19E-05,0.000189232,0.000481191,0.000131562,0.000270332,0.000810996,2.16E-05,0.000380267,0.000117144,0,0.000400092,2.16E-05,0.000266728,0.000836227,0.000291959,0.000129759,0.000661413,0.000165804,0.000140573,0
0.000659298,0.001066512,0.000310258,0.001060048,0.000303794,0.0008726,0.001163467,0.000504169,0.000691617,0,0.000116347,0.000827354,0.0008015,0.000361968,0.002036067,0.000711008,6.46E-05,0.000620516,0.000445996,0.000193911,0
0.002359473,0.003053435,0.000832755,0.000971548,0,0.000138793,0.000693963,0.000832755,0.002984039,0.003192228,0.004927134,0.00055517,0.002012491,0.004094379,0.003955586,0.003261624,0.000832755,0.000416378,0.000971548,0.002081888,0
0,0.001811321,0.001358491,0.001044993,0.001567489,0.000603774,0.000626996,0.000383164,0.002206096,0.001404935,0.001509434,0.001300435,0.001416546,0.002206096,0.001497823,0.000812772,0.000325109,0.001904209,0.002182874,0.001416546,0
0.000180246,0.000386119,0.000214416,0.000284464,1.28E-06,0.000533903,0.000741912,7.77E-05,6.49E-05,0.000307528,0.000346824,0.000518954,0.000128991,0.000114896,4.87E-05,0.000128137,6.24E-05,0,9.31E-05,0.000144367,0
0.000471777,0.00151246,0.000818671,0.000999056,0,0.002095243,0.002678026,0.000145696,0.000555031,0.000242826,0.001158628,0.001429206,0.000742354,0,0.001450019,0.00164428,0.000693789,3.47E-05,8.33E-05,0.000173447,0
0.001047263,0.001274929,0.000546398,0.001563306,0.001320463,0.000698176,0.001866861,0.000318732,0.001866861,0.001047263,0.001229396,0.001441884,0.001715084,0.001563306,0.001775795,0.000288377,0,0.003627478,0.001988283,0.000819597,0
0,0.000470991,0.000426461,0.000313423,0.000380218,0.000275744,0.000268893,1.54E-05,0.000739884,0.000243203,0.000265468,0.000325412,0.000203811,0.000515521,0.00052751,0.000313423,5.82E-05,0.000763862,0.000575466,0.000109613,0
0,0.000376096,0.000249013,0.000427616,0.000331445,0.000542677,0.000644,6.35E-05,0.000525504,0.000132235,0.0002576,0.000285077,0.000245579,0.000168299,0.000905035,0.000571872,0.000262752,6.87E-06,0.000135669,0.000133952,0
0,0.000196063,0.000136288,0.000219973,0.00023246,0.000159135,0.000200048,8.55E-05,0.000261152,0.00014107,0.000143727,0.000196595,0.000201908,0.00019872,0.000297549,8.45E-05,6.30E-05,0.00039744,0.000182249,0.000125661,0
0.000176,0.000344666,0.000483999,8.07E-05,0.00141533,0.000278666,0,7.33E-05,0.001495996,0.000835998,0.000674665,0.000747998,0.001657329,0.001899328,0.000505999,0.000197999,0.000132,0.003057992,0.002075328,0.000461999,0
0.00078292,0.000271553,0.00011638,5.64E-05,0.000236287,0,0.00024334,0.0006877,4.58E-05,0.001452986,0.001082686,0.00014812,0.00078292,0.001389506,0.000684173,0.000458466,0.000257447,0.001149693,0.00053958,0.001114426,0
0,0.000495112,0.000802298,0.00050234,0.001391373,0.000357782,0.000524024,0.000198768,0.001145624,0.000650512,0.000495112,0.000560163,0.001062503,0.001149238,0.000524024,0.000469814,0.000411991,0.001828662,0.001221518,0.000426447,0
0.002222143,0.000657754,0.002639906,0.002097703,9.78E-05,0.000915523,0.001626609,0.001519946,0.002319918,0.001297732,0.002035483,0.001653275,0.000355543,0,0.000426651,0.000293323,0.000568869,0.000915523,0.001084406,0.001502169,0
0.001647567,0.003185296,0.000475964,0.00098854,0.001757405,0.002086918,0.002123531,0.001391279,0.001647567,0.00098854,0.002636107,0,0.001574342,0.002123531,0.001794018,0.000366126,0.000878702,0.003185296,0.000585802,0.001281441,0
0.000106634,0.000652348,8.99E-05,0.00031572,0.000673257,0.000585441,0.000470444,0.000238358,0.000370082,0,6.27E-05,0.000834253,0.000160996,5.65E-05,0.001413422,0.00053526,0.000215359,0.000457898,6.69E-05,3.97E-05,0
0.00015353,0.000394197,0.000692958,0.0011245,0,0.000352703,0.00060167,0.00089628,0.000892131,0.000634865,0.000564325,0.000244817,0.000497934,0.000933625,0.000692958,0.00044814,0.000564325,0.001402513,0.001066408,0.000551876,0
0,0.00027707,0.000368212,0.000572369,0.000291653,0.00031535,0.000515861,0.000156764,0.00064346,0.000300767,0.000160409,0.000493987,0.000286185,0.000415606,0.000335401,0.000317173,0.000235145,0.001024431,0.000388263,0.000322641,0
0.000605941,0.000563666,0.000789133,0.001385679,0.000239558,0.000366383,0.00025365,0.001028691,0.000925352,0.001329313,0.000883077,0.000850196,0,0.000831407,0.000563666,0.001846006,0.001263551,0.001225974,0.000403961,0.001263551,0
0,0.000554728,0.000132472,0.000637523,8.28E-05,0.001320583,0.001912568,2.90E-05,0.000384998,0.000140752,0.000484352,0.000952144,0.000318761,0,0.000397417,0.000629243,0.000182149,9.94E-05,2.90E-05,6.21E-05,0
0.000377312,0.000233795,0.000138888,0.000159721,0.000393516,0,0.000136573,0.000451386,0.000386571,0.000687495,0.000414349,9.95E-05,0.000567126,0.00097453,0.000439812,0.000449071,0.000229165,0.001277769,0.000571755,0.000469904,0
0.000468553,0.000145825,9.32E-05,4.54E-05,0.000447038,5.50E-05,7.89E-05,0.000365758,0.000251011,0.000676533,0.000516365,0,0.000698049,0.000894076,0.000349024,0.000485287,0.000253401,0.001484549,0.000447038,0.000535489,0
0.000725057,0.000398315,0.000124473,9.96E-05,0.000267618,0.000180486,0.000202269,0.000774846,0,0.001400325,0.000868201,7.16E-05,0.000896208,0.001372318,0.000392091,0.000550794,0.000326742,0.000833971,0.000488558,0.000837083,0
0.000524299,0.000846945,0.000443638,0.001068764,0.001915709,0,0.000967937,0.001209921,0.001088929,0.001472071,0.00026215,0.001088929,0.001572898,0.000927606,0.000241984,0.000443638,0.00082678,0.001109095,0.00195604,0.000967937,0
0.001348412,0.002414093,0.002740322,0.002870813,0,0.002283602,0.001805133,0.002109613,0.001196172,0.001022184,0.001413658,0.002849065,0.001500652,0.001217921,0.004219226,0.002261853,0.001435407,0.001435407,0.00154415,0.000739452,0
0.000128913,0.000449907,0.000274585,0.000487292,0.000137937,0.000277163,0.000643277,5.03E-05,0.000250092,0.000560772,0.000593001,0.000576242,0.000246224,0.000340331,0.000208839,0.000384161,0.000162431,0,0.000197237,0.000246224,0
0.000159706,0.000590163,0.000204623,0.000850933,8.98E-05,0.000368072,0.000895851,9.73E-05,0.0002171,0.00020088,0.000210862,0.001033098,0.000310678,0.000162201,0.000194642,0.000164697,0,0.000202128,0.000129761,0.000118532,0
0.000170187,0.000124367,0.000176732,0.000180005,0.000841114,0.000157095,0.000160368,0.00012764,0.000572743,0.00061529,0.000579289,0,0.001112758,0.001233853,0.00051056,0.000477832,0.000261826,0.001620045,0.000700383,0.000490923,0
3.31E-05,0.000623583,0.000448791,0.000642479,0,0.000236206,0.000302343,0.000236206,0.001247166,0.000571618,0.000467687,0.000316515,0.000472411,0.000722789,0.000982615,0.000307067,0.000127551,0.001577853,0.000708617,0.000250378,0
0.001204171,0.001473064,0.000292275,5.85E-05,0.000303966,0.000689768,0,0.001636738,0.000432566,0.001402918,0.001508137,0.001180789,0.001683502,0.001823793,0.000537785,0.000584549,0.000923588,0.000876824,0.001075571,0.001566592,0
0,0.000520942,0.000605562,0.000425745,0.000988997,0.000401945,0.00033848,0.000346413,0.001113282,0.000690182,0.000497143,0.000420456,0.000795957,0.000967842,0.000372857,0.000462766,0.000237994,0.001367143,0.000899088,0.000388723,0
0.000473056,0.001621907,0.001865193,0.001959804,0,0.002757241,0.001878708,0.000946112,0.001500264,0.001513779,0.001811129,0.001581359,0.001189398,0.001459716,0.001892224,0.001554327,0.001256978,0.000770406,0.001432684,0.001540811,0
0.000635636,0,0.000879071,0.000662685,0.000311056,0.000171306,4.51E-05,0.000946692,0.000220895,0.000338104,0.000130734,0.000108193,0.000193847,0.000725797,0.001072918,0.001731094,0.001514708,0.00092866,0.000757354,0.000261467,0
0.000208437,0.000977667,0.000848635,0.001473945,0,0.000779156,0.001151365,0.0002134,0.000952854,0.000600496,0.000699752,0.000987593,0.000362283,0.000789082,0.000873449,0.000545906,0.000238213,0.000908189,0.000933002,0.000486352,0
0.000287741,9.38E-06,0,0.000140743,0.000369059,1.25E-05,0.000128232,0.000218933,0.00019704,0.000625524,0.000584865,3.13E-06,0.000684949,0.001054008,0.000281486,0.000293996,8.76E-05,0.001054008,0.000544206,0.000353421,0
0,0.000229543,0.000269875,0.00020085,8.93E-05,0.000177841,0.000190022,3.92E-05,0.000227106,0.00022061,0.000190022,0.000254717,0.000155645,0.000262025,0.000236851,0.000125057,9.96E-05,0.000182172,0.000273394,0.000104756,0
0.000164565,0.000352272,0.000280275,0.000300845,0.000339415,0.000149137,0.000128566,0.000323987,0.000498838,0.000912822,0.00059912,0,0.000537408,0.000961677,0.000611976,0.000781684,0.000151708,0.000455125,0.000308559,0.00052198,0
0,0.001322077,0.000676967,0.000931825,0.000342466,0.000573431,0.001202612,0.00029468,0.000876075,0.000716789,0.000684932,0.00223001,0.000876075,0.000852182,0.00075661,0.000374323,0.000326537,9.56E-05,0.00023893,0.000485824,0
0.000603394,0.00105594,0.000829667,0.001734758,0.002991829,0.000326838,0.001030798,0.001609051,0.002388435,0.002011314,0.00035198,0.000905091,0.002438718,0.001458202,0,0.000226273,0.000628536,0.002363294,0.002413576,0.001634192,0
0.000600131,0.000358352,0.000310859,0.000159747,0.001070738,3.45E-05,0,0.000638989,0.000379939,0.001968776,0.001532709,0.000293589,0.001316835,0.001994681,0.000617401,0.000841911,0.000552639,0.001079373,0.000841911,0.001398867,0
0.000135339,0.000340039,0.000218234,0.000246994,0.000277445,0.000152256,0.000211467,0.000175941,0.000636094,0.000532898,0.000473687,0,0.000471995,0.000568424,0.000532898,0.000536281,0.000148873,0.000746057,0.000338348,0.000336656,0
0.000222723,0.000458547,0.00019652,0.000694372,0.000864689,0.000170318,0.000641966,0.000563358,0.001185672,0.000615764,0.00028823,0.000176868,0.000877791,0.000524054,0.000812284,0,0.000235824,0.002017608,0.000668169,0.000419243,0
0.000462,0.002409002,0.001089001,0.002046002,0.001584002,0.001237501,0.001963502,0.0003465,0.001089001,0.000264,0,0.003201003,0.000511501,0.000561001,0.001287001,0.001864502,0.001056001,0.000709501,0.000709501,9.90E-05,0
0.001232728,0.002115876,0.000975143,0.001269526,0.000147191,0.001950286,0.002980626,0,0.000993542,0.00051517,0.000717558,0.005022907,0.002207871,0.001159132,0.001803095,0.001214329,0.000588766,0.001122334,0.00154551,0.000220787,0
0.000695977,0.002665082,0.001069428,0.002308606,8.49E-05,0.000797827,0.002716007,0.001035478,0.000763877,0.000814802,0,0.002512307,0.000814802,0.000950603,0.001765405,0.000882702,0.000984553,0.000611102,0.000831777,0.001001528,0
0.000488972,0.000203209,0.00014394,0.000190508,0.00022226,0,0.000175691,0.000486855,0.000266712,0.000726049,0.000455104,8.47E-05,0.000586343,0.000795902,0.000361966,0.0003662,0.000203209,0.001449981,0.000474154,0.000544007,0
7.24E-05,0.000378033,0.000285535,0.000526833,0.000115287,0.000227892,0.000698422,8.45E-05,0.000264087,9.65E-05,2.95E-05,0.000861968,0.000168908,0.000305644,0.000154162,0.000154162,0,0.000241298,0.000155503,0.000131373,0
0.000754382,0.000447154,6.69E-05,0.000209888,0.000185554,9.43E-05,0.000225098,0.000614456,0.000237265,0.001022066,0.000900391,0,0.000660084,0.001250205,0.000894307,0.000809135,0.000459321,0.000696586,0.000544493,0.000629665,0
0.000267609,0.000442136,0.000981232,0.000422744,0,0.001062679,0.000333541,0.000535218,0.000453772,0.000182284,1.94E-05,0.000345177,0.000733016,0.000504191,0.001403977,0.000651569,5.82E-05,0.00026373,0.00067484,0.000232703,0
