uniprot,InstabilityIndex,Hydrophobicity,mswhim2,kidera8,aromatic,charged,basic,acidic,C,Q,H,Leucine,Phenylalanine,P,S,W,Disorder,target
P30041,43.26473214,-0.293080357,0.353973214,-0.085044643,9.821,29.018,14.732,14.286,0.521352309,0.521352309,0.782028463,6.516903862,3.128113854,4.952846935,2.34608539,0.782028463,0.004,MP
P06733,36.52695853,-0.352718894,0.323847926,0.117534562,8.525,26.728,14.055,12.673,1.618026026,2.966381048,1.618026026,9.708156157,4.584407074,4.31473607,7.011446114,0.809013013,0,MP
P13716 ,46.4269697,-0.311272727,0.381848485,-0.071333333,10.909,24.848,13.333,11.515,2.060210739,2.575263424,2.317737082,9.013421984,3.090316109,5.665579533,4.893000505,0.772579027,0.024,MP
P09960,40.01767594,-0.288510638,0.419050736,-0.114206219,12.766,25.205,12.93,12.275,2.957124864,6.989567861,4.30127253,18.54923778,7.258397394,9.409033659,12.09732899,3.494783931,0.008,MP
O60568 ,41.38387534,-0.261680217,0.385108401,-0.018888889,14.77,27.1,13.821,13.279,2.480040846,7.192118452,5.704093945,20.8323431,9.176151128,12.40020423,9.672159297,4.216069437,0.008,MP
P00558 ,27.2616307,-0.369280576,0.324148681,0.107074341,6.954,25.899,13.909,11.99,1.934705472,1.658318976,1.38193248,10.50268685,4.422183936,4.698570432,6.633275904,1.105545984,0.017,MP
P19971 ,41.65124481,-0.391763485,0.359253112,-0.093630705,3.942,20.954,10.166,10.788,1.919833435,7.679333741,1.645571516,19.19833435,2.194095355,9.324905257,7.405071822,1.097047677,0.104,MP
P47992,20.3622807,-0.323508772,0.485614035,-0.204824561,3.509,20.175,14.035,6.14,0.81151055,1.352517584,0,2.975538685,0.270503517,0.81151055,2.434531651,0.270503517,0.175,MP
P15336,71.09584158,-0.38970297,0.459049505,-0.38449505,5.941,23.564,13.465,10.099,1.616870537,10.99471965,5.173985719,12.28821608,3.233741075,16.49207948,20.37256877,0.646748215,0.632,MP
P32856,41.97638889,-0.2875,0.340902778,0.026597222,7.292,36.806,18.75,18.056,0.269839136,3.238069638,1.888873955,4.857104456,2.428552228,1.079356546,5.126943593,0.269839136,0.038,MP
P27797,47.56426859,-0.343645084,0.199640288,0.075947242,11.99,39.808,13.669,26.139,0.832660425,4.163302124,1.942874325,7.216390348,4.995962549,7.493943823,5.551069499,3.053088224,0.353,MP
P28482 ,39.70638889,-0.257583333,0.386638889,-0.000222222,13.333,27.778,15.278,12.5,1.852896383,3.1763938,3.441093283,11.38207778,3.441093283,5.293989666,4.235191733,0.79409845,0.017,MP
P40429 ,29.71231527,-0.173448276,0.401083744,-0.009211823,10.837,34.483,27.586,6.897,0.241093279,1.446559677,1.446559677,5.545145427,1.446559677,2.169839515,0.723279838,0.482186559,0,MP
P07814 ,38.06025132,-0.306402116,0.365059524,-0.037294974,10.317,29.563,15.741,13.823,7.559854535,17.54966231,8.369838949,32.12938177,13.49974024,21.86957919,24.02953763,7.28985973,0.352,MP
P62277 ,51.00264901,-0.222450331,0.401986755,-0.132384106,9.934,32.45,24.503,7.947,0,0.996601084,1.245751355,4.73385515,0.498300542,1.993202168,2.740652982,0.498300542,0.086,MP
P62913 ,37.15955056,-0.256741573,0.32511236,0.179157303,10.112,32.584,20.225,12.36,0.949618496,1.661832368,0.712213872,3.086260111,1.899236992,1.18702312,1.661832368,0.237404624,0.056,MP
P46777 ,38.69023569,-0.244814815,0.337171717,0.123872054,12.458,33.333,21.549,11.785,1.008291034,2.772800343,1.260363792,3.781091377,2.520727585,2.268654826,2.520727585,0.252072758,0.165,MP
P62081 ,39.69020619,-0.253247423,0.392835052,-0.039639175,8.247,33.505,21.649,11.856,0,2.64011812,1.056047248,4.752212616,2.904129932,2.376106308,3.432153556,0,0.062,MP
P61254,48.52344828,-0.19137931,0.386068966,0.011103448,9.655,41.379,31.034,10.345,0,2.030905704,1.269316065,1.269316065,0.761589639,1.269316065,2.284768917,0,0.29,MP
P19338,48.80380282,-0.434873239,0.127422535,0.169338028,5.211,41.268,16.479,24.789,0.291538712,4.081541962,0.291538712,8.163083925,7.580006502,9.03770006,10.49539362,0.583077423,0.561,MP
P62829 ,25.78214286,-0.337285714,0.325857143,0.189357143,5.714,25.714,19.286,6.429,0.504891134,0.252445567,0.252445567,2.019564535,0.757336701,1.514673401,2.272010102,0.252445567,0.036,MP
Q9H211,76.13443223,-0.302051282,0.41514652,-0.370714286,5.861,28.022,17.033,10.989,2.707310095,8.934123313,2.978041104,14.89020552,3.248772114,15.97312956,10.82924038,0.541462019,0.383,MP
P00374 ,27.15721925,-0.268877005,0.388770053,0.007219251,11.23,28.342,14.973,13.369,0.263607834,1.845254841,0.790823503,5.008548855,2.37247051,3.163294014,3.163294014,0.790823503,0,MP
P34896,37.64347826,-0.329979296,0.370724638,0.032753623,11.18,25.466,14.493,10.973,2.680139367,4.556236924,4.288222987,13.66871077,4.556236924,5.896306608,8.040418101,0.536027873,0.006,MP
Q9NQX3 ,49.32459239,-0.366100543,0.380883152,-0.119565217,5.707,25.679,12.364,13.315,3.407992059,7.099983455,4.82798875,19.59595434,3.975990735,16.18796228,14.48396625,0.851998015,0.139,MP
P21399,36.51102362,-0.316625422,0.397097863,0.036749156,11.136,22.947,12.036,10.911,2.439978341,10.30213077,4.608847978,21.68869636,11.928783,15.18208746,12.19989171,1.897760932,0,MP
Q9P2J5,43.08741497,-0.273767007,0.374736395,-0.007670068,11.905,29.337,15.646,13.69,5.514404233,11.55398982,6.564766944,29.41015591,13.65471524,15.75544067,16.5432127,5.514404233,0,MP
P47897,35.16012903,-0.280903226,0.384232258,-0.051896774,12.516,28.645,15.742,12.903,4.153230257,7.008576059,6.748999168,21.28530507,9.344768079,11.16180632,8.566037405,2.595768911,0.026,MP
P23381 ,41.19065817,-0.305053079,0.374437367,0.001146497,13.163,27.389,14.013,13.376,1.602158191,5.607553668,2.937290016,8.811870049,8.811870049,6.675659128,9.078896414,0.801079095,0.068,MP
Q8N3Y7,28.89644013,-0.289385113,0.406278317,0.070938511,12.298,22.33,12.945,9.385,2.46624922,2.192221529,1.370138455,10.68707995,6.028609204,2.740276911,4.932498439,0.548055382,0,MP
P02730 ,48.22425906,-0.279286498,0.445345774,-0.084346872,11.745,21.734,10.099,11.636,1.372023363,11.25059158,4.939284108,37.31903549,15.092257,15.36666167,15.91547102,3.0184514,0.091,MP
Q9Y3E5,37.34916201,-0.352681564,0.412569832,-0.079106145,7.263,22.346,13.966,8.38,1.405900646,2.249441034,1.405900646,5.904782713,0.281180129,2.530621163,3.655341679,0.562360258,0.05,MP
P13569 ,43.79635135,-0.258175676,0.449128378,-0.033256757,11.689,23.378,13.176,10.203,4.83849833,18.00996601,6.72013657,49.19139969,22.84846434,12.09624583,33.06307192,6.182525644,0.021,MP
P08183 ,33.32734375,-0.306351563,0.405554688,0.088023438,10.547,23.281,13.047,10.234,1.883277201,14.2590988,5.111752401,32.01571241,18.83277201,7.802148402,23.67548481,2.959435601,0.03,MP
P62263,48.78211921,-0.346622517,0.326556291,0.026887417,5.298,30.464,19.868,10.596,0.787734904,1.312891506,0.787734904,2.363204711,1.050313205,1.838048109,2.363204711,0,0.305,MP
Q7L0Y3,53.01513648,-0.224764268,0.41044665,-0.092233251,11.663,31.266,18.61,12.655,1.325155026,4.505527088,2.120248041,11.92639523,5.035589098,3.975465077,6.360744124,2.120248041,0.022,MP
P49407,37.12751196,-0.315287081,0.331961722,-0.062894737,9.091,32.057,16.268,15.789,1.910501503,2.729287861,2.456359075,11.46300902,4.366860578,8.187863583,4.639789364,0,0.156,MP
Q13492,28.9506135,-0.363803681,0.439631902,-0.138312883,8.742,20.092,11.043,9.049,0.901372727,8.713269692,3.605490907,18.62836969,8.112354541,12.3187606,19.52974241,1.502287878,0.11,MP
P27487 ,43.35039164,-0.274751958,0.424451697,0.02191906,16.58,22.846,11.619,11.227,3.09359416,7.733985399,4.898190753,15.98356983,7.991784913,7.476185886,16.49916885,5.413789779,0,MP
Q14152 ,62.85911722,-0.220709117,0.235622287,-0.094942113,7.091,47.323,24.168,23.155,1.812860115,17.61064111,5.956540376,30.55964193,6.215520393,17.61064111,17.61064111,6.992460442,0.455,MP
Q04637,61.3627267,-0.34956848,0.364071295,-0.198592871,6.254,28.143,13.321,14.822,3.701304388,23.91612066,5.409598721,39.57548538,11.67334461,46.12394699,35.02003383,3.416588666,0.566,MP
O15371,53.45127737,-0.272518248,0.345437956,-0.009981752,11.496,32.117,16.058,16.058,2.820607337,8.205403162,1.794931942,9.231078558,6.410471221,5.384795825,9.743916255,2.564188488,0.099,MP
O75821,39.1559375,-0.34334375,0.3126875,-0.07303125,7.5,31.875,15.937,15.937,1.352891346,2.705782692,0.811734808,5.682143653,3.24693923,6.223300191,5.682143653,1.082313077,0.319,MP
P13639 ,35.58251748,-0.314615385,0.361293706,0.020874126,9.207,27.855,14.569,13.287,4.493743265,7.665797335,4.229405426,19.29666226,9.25182437,12.1595406,11.63086492,1.850364874,0.002,MP
Q13825,40.37522124,-0.35460177,0.332507375,0.024660767,4.72,24.484,14.454,10.029,1.322118559,1.850965983,0.793271135,10.04810105,1.322118559,4.759626813,5.024050524,0.793271135,0.041,MP
P42566,52.36908482,-0.377901786,0.347444196,-0.173225446,7.812,27.79,10.826,16.964,3.25603447,13.32014101,3.552037604,26.34427889,12.43213161,18.94420055,28.71230396,2.072021935,0.335,MP
P09467 ,24.40739645,-0.348668639,0.346242604,0.051804734,9.172,25.444,13.314,12.13,1.893940615,1.893940615,1.352814725,8.116888348,2.976192394,4.329007119,5.411258899,0,0.006,MP
P21266,41.50844444,-0.2248,0.369555556,0.000977778,14.222,29.333,14.222,15.111,2.025470991,2.785022613,0.759551622,6.582780722,3.797758109,2.278654865,2.785022613,1.012735496,0,MP
P41250,48.85480379,-0.294817321,0.372692828,-0.025385656,10.555,28.417,15.02,13.396,3.429794428,7.914910219,3.95745511,18.73195419,10.02555294,10.28938328,11.34470465,1.055321363,0.02,MP
P55084 ,31.29725738,-0.334894515,0.400822785,-0.056561181,9.494,22.785,13.924,8.861,1.372087191,3.841844136,2.469756944,13.17203704,5.762766204,6.860435957,9.60461034,0.823252315,0.002,MP
Q9H8X2 ,45.64195519,-0.273340122,0.394867617,-0.077454175,12.22,28.717,16.904,11.813,4.493909353,6.079995008,4.229561744,14.5391185,5.55129979,7.137385444,9.252166316,0.793042827,0.033,MP
Q5BJF6,58.54294331,-0.296574186,0.334969843,-0.142484922,5.187,37.153,19.662,17.491,3.8909768,17.5093956,4.724757543,26.12512994,3.057196057,5.002684458,17.78732252,0.833780743,0.24,MP
Q9H307,98.67503487,-0.340432357,0.314295676,-0.200753138,3.208,40.028,20.642,19.386,0.600255747,15.9067773,3.30140661,12.90549857,2.701150863,9.90421983,31.21329886,0.300127874,0.813,MP
P14618 ,27.03107345,-0.340244821,0.358041431,0.029322034,7.721,27.495,15.066,12.429,2.662945835,3.994418753,3.195535002,10.11919417,4.52700792,6.391070005,7.456248339,0.798883751,0.019,MP
P26639,41.1351314,-0.264993084,0.34582296,0.07724758,13.278,31.674,16.598,15.076,4.049803215,7.340268327,4.809141318,14.93364936,9.618282636,7.846493729,9.365169935,3.290465112,0.064,MP
P60174 ,25.3465035,-0.367902098,0.342342657,0.075594406,9.091,25.175,12.587,12.587,1.318904591,3.429151937,1.318904591,5.011837447,2.637809182,2.901590101,3.956713774,1.582685509,0.003,MP
P45880,17.26428571,-0.384013605,0.352755102,0.110068027,11.224,21.429,11.565,9.864,2.45991026,2.186586898,1.093293449,6.286437332,4.099850434,1.913263536,6.286437332,1.093293449,0,MP
Q9CW03,45.41183237,-0.274667214,0.329753492,0.004954807,7.724,36.483,18.899,17.584,1.908547831,22.90257397,5.180344112,33.53591189,11.1786373,5.452993803,19.63077769,1.090598761,0.175,MP
P06745,25.46129032,-0.292240143,0.41109319,0.032204301,13.262,25.269,14.695,10.573,1.083500275,6.501001649,5.688376443,15.16900385,7.584501924,6.501001649,9.209752336,3.250500825,0.025,MP
P43274,28.87488584,-0.394292237,0.295159817,-0.239954338,0.913,33.333,30.137,3.196,0,0.310664774,0,2.795982967,0.310664774,5.902630707,4.970636385,0,0.84,MP
P35846 ,55.89960784,-0.275843137,0.440745098,-0.147686275,16.471,23.137,12.941,10.196,4.669491014,3.372410177,3.112994009,5.447739516,2.334745507,3.112994009,6.485404186,3.631826344,0.004,MP
P31230,43.67193548,-0.353870968,0.354677419,-0.123677419,3.548,30.968,16.774,14.194,1.750307143,5.250921428,1.166871428,7.292946427,0.875153571,4.95920357,4.95920357,0.291717857,0,MP
Q8R010 ,47.1140625,-0.32528125,0.44625,-0.16759375,9.688,22.188,12.812,9.375,1.42828306,4.570505792,2.85656612,11.71192109,2.570909508,5.141819016,7.712728524,1.42828306,0.091,MP
Q9D1M4,36.48390805,-0.274252874,0.431666667,-0.035574713,13.218,27.011,16.667,10.345,0.276511628,2.765116281,2.488604653,6.912790703,1.106046512,1.106046512,3.594651166,0.553023256,0.011,MP
P42227 ,48.21688312,-0.282779221,0.438727273,-0.08961039,10.26,24.156,12.338,11.818,3.826691652,16.40010708,3.553356534,22.41347968,8.20005354,9.293394013,13.94009102,4.10002677,0.071,MP
P34960,42.47315011,-0.226448203,0.450739958,-0.040591966,18.816,23.89,14.588,9.302,1.52584157,5.086138568,3.560296998,9.917970207,9.409356351,7.88351478,8.646435565,2.797376212,0.004,MP
P17710,41.18162218,-0.322946612,0.352946612,0.047864476,8.624,28.542,14.99,13.552,6.054701868,8.160685126,5.528206053,24.48205538,10.00342048,8.423933034,16.84786607,1.316239536,0.051,MP
Q9EQQ9,48.11572052,-0.314268559,0.376113537,-0.058056769,10.808,26.856,11.681,15.175,5.130909142,10.53186613,3.240574195,20.79368442,11.07196183,14.85263173,18.63330162,3.510622044,0.181,MP
P61459 ,32.89519231,-0.260576923,0.38125,0.090769231,16.346,30.769,17.308,13.462,0.25658298,1.026331919,1.539497879,2.565829798,2.052663839,0.51316596,1.282914899,0.51316596,0.077,MP
P63159,44.83302326,-0.317069767,0.133488372,0.054744186,9.767,51.163,25.116,26.047,0.836058262,0.557372175,0.836058262,1.11474435,2.508174787,3.622919137,3.065546962,0.557372175,0.619,MP
P17256 ,36.57468354,-0.360126582,0.401037975,-0.076126582,6.835,20.759,11.392,9.367,2.539099929,4.231833215,2.821222143,16.92733286,1.410611072,5.924566501,7.899422001,1.692733286,0,MP
Q5XIM7 ,47.52108626,-0.275255591,0.374297125,-0.027731629,10.863,30.831,16.134,14.696,2.374320671,6.067708381,4.484827934,16.35643129,6.859148605,8.70584246,7.122962013,1.055253632,0.144,MP
P07335,46.26167979,-0.321496063,0.342650919,0.027191601,11.549,29.134,14.436,14.698,1.317949342,3.953848026,3.690258158,10.80718461,4.481027763,5.535387237,6.062566974,1.054359474,0.121,MP
P08037 ,44.35870647,-0.287885572,0.434825871,-0.078457711,11.94,21.393,13.682,7.711,1.876993036,4.826553522,2.949560486,11.53010008,4.022127935,9.653107045,8.044255871,0.804425587,0.221,MP
P14755 ,54.58840125,-0.31492163,0.404733542,-0.109592476,7.837,25.392,13.793,11.599,1.885616384,3.501858998,1.885616384,9.966829457,2.154990153,4.848727844,8.081213073,0.808121307,0,MP
P11415,25.29361702,-0.366504559,0.390577508,0.097993921,9.726,22.796,13.07,9.726,1.368050401,3.283320962,2.736100801,6.566641923,3.009710881,3.283320962,6.566641923,0.27361008,0,MP
Q01217,31.6612978,-0.333661645,0.384982619,0.034368482,9.965,23.87,13.094,10.776,2.172184659,7.602646306,4.072846235,21.45032351,8.145692471,9.2317848,20.63575426,2.172184659,0.017,MP
P23202,38.83276836,-0.310819209,0.417542373,0.122288136,13.277,21.751,11.582,10.169,0,5.045905199,3.083608733,7.288529732,5.326233266,3.3639368,7.568857799,1.6819684,0.251,MP
P03069,44.01637011,-0.354163701,0.360747331,-0.233345196,7.117,30.605,14.235,16.37,0,2.362217388,1.181108694,7.972483685,3.248048909,5.90554347,9.153592379,0.295277174,0.256,MP
P07250 ,40.64816901,-0.332309859,0.268816901,0.039070423,9.859,33.803,13.803,20,0.537793588,2.420071145,1.344483969,11.02476855,3.764555114,2.957864733,8.604697405,0.537793588,0.099,MP
P38011 ,25.36489028,-0.355956113,0.386363636,-0.013166144,10.972,21.944,11.285,10.658,0.537636783,3.225820699,1.881728741,7.795733355,2.688183916,2.150547132,7.526914964,2.957002307,0,MP
P14120,26.59333333,-0.321142857,0.43,0.019714286,7.619,20.952,14.286,6.667,0,1.087861042,0,3.535548388,0.543930521,0.543930521,2.719652606,0,0.057,MP
P04807 ,39.75123457,-0.32744856,0.359897119,0.056316872,10.082,25.72,12.14,13.58,1.070368589,5.887027238,1.337960736,9.365725152,6.422211532,7.760172268,6.68980368,1.070368589,0.039,MP
P00044 ,29.61284404,-0.309633028,0.316972477,0.178623853,12.844,31.193,21.101,10.092,0.795303124,0.530202083,1.060404165,2.120808331,1.060404165,1.060404165,1.060404165,0.265101041,0.055,MP
P43593 ,45.7993988,-0.295330661,0.364408818,0.02496994,10.621,30.06,15.631,14.429,1.367175487,7.109312534,1.914045682,11.48427409,7.109312534,5.195266852,10.6639688,0.820305292,0.062,MP
P28241,32.43821138,-0.359295393,0.412845528,-0.034308943,8.13,21.409,12.195,9.214,0.862553253,2.012624258,2.012624258,9.775603537,3.737730764,5.750355022,9.488085786,0.287517751,0.016,MP
P48570 ,32.8682243,-0.342313084,0.331682243,0.080794393,9.346,28.505,15.421,13.084,2.169325285,2.169325285,2.982822267,8.40613548,4.33865057,4.06748491,6.507975855,0.271165661,0.075,MP
P14540 ,32.11364903,-0.346016713,0.342980501,0.122339833,12.535,27.298,13.649,13.649,1.355184138,2.439331449,3.252441932,6.504883865,4.065552415,4.336589243,5.420736554,0.813110483,0.045,MP
Q12309 ,42.3797671,-0.204483261,0.372707424,0.003144105,14.119,33.188,16.157,17.031,0.99197869,8.927808211,2.231952053,17.1116324,7.935829521,4.463904106,9.175802884,4.959893451,0.006,MP
P06168 ,30.26962025,-0.293518987,0.36078481,0.066911392,11.899,26.582,14.937,11.646,0.757210987,3.02884395,1.262018312,8.581724524,4.038458599,4.038458599,5.552880574,1.766825637,0.015,MP
P39533 ,27.67110266,-0.347325729,0.362129278,0.039809886,9.886,24.842,13.181,11.66,2.504012423,6.955590065,4.451577641,18.64098137,8.903155283,11.40716771,15.02407454,2.504012423,0,MP
P00812,28.74414414,-0.376576577,0.342372372,0.075735736,9.009,24.324,12.012,12.312,1.672521863,1.115014575,2.787536438,9.756377535,1.672521863,5.017565589,6.132580165,0.836260932,0,MP
P11325 ,38.75302013,-0.276946309,0.402740492,-0.029183445,12.081,26.622,14.653,11.969,3.185806201,9.026450902,4.247741601,18.84935335,12.2122571,14.3361279,15.66354715,5.044193151,0.011,MP
P36024,48.80017794,-0.393540925,0.318007117,-0.13158363,5.16,30.961,12.633,18.327,0.936923497,8.744619302,2.498462658,10.93077413,2.498462658,11.55538979,15.30308378,2.186154826,0,MP
Q08438,45.27403561,-0.427136499,0.27004451,-0.031008902,6.083,31.306,12.463,18.843,0.641471567,6.41471567,3.528093619,12.82943134,6.093979887,11.22575242,24.69665533,1.924414701,0.586,MP
P0CX45,22.81653543,-0.322913386,0.346102362,0.179606299,9.055,28.346,21.654,6.693,0,1.998403013,2.498003766,3.996806026,1.249001883,2.747804143,3.747005649,0.249800377,0.134,MP
Q3E7X9 ,35.16119403,-0.277164179,0.361641791,-0.029402985,1.493,34.328,20.896,13.433,0,0.25264024,0,1.515841442,0.25264024,0.505280481,0.757920721,0,0.179,MP
P33421,35.78939394,-0.24540404,0.510151515,-0.07,14.141,17.172,13.636,3.535,0,1.338761949,1.338761949,8.835828865,2.677523898,1.338761949,5.087295407,1.071009559,0,MP
Q06559 ,32.20081301,-0.291504065,0.356422764,-0.007154472,6.911,30.488,17.886,12.602,1.0237225,1.53558375,0.51186125,5.630473749,1.53558375,3.583028749,3.0711675,0,0.163,MP
Q7JXV9,47.05344828,-0.22545977,0.421724138,-0.02408046,17.241,27.586,12.644,14.943,0.512807184,2.56403592,1.538421552,5.897282617,2.820439512,1.794825144,2.051228736,1.538421552,0,MP
Q24314,47.18552894,-0.268932136,0.395199601,-0.083133733,11.477,28.942,14.371,14.571,5.811640613,13.73660508,7.132468025,30.37903048,10.30245381,11.62328123,12.15161219,2.905820306,0.015,MP
Q9VU87,39.77869674,-0.319849624,0.355012531,-0.061002506,7.519,28.822,14.536,14.286,1.319288581,2.374719446,2.11086173,13.19288581,3.430150311,3.957865744,9.235020069,0.527715433,0,MP
P19889,33.03974763,-0.352334385,0.362018927,0.024700315,8.202,24.921,12.934,11.987,0.569130437,2.561086967,1.138260874,7.398695683,4.553043497,5.406739153,5.691304372,0.284565219,0.104,MP
Q9V4S8,37.25323741,-0.314280576,0.382805755,-0.061942446,8.273,27.698,14.388,13.309,0.844452539,4.222262696,1.407420899,9.288977932,2.533357618,3.377810157,6.192651955,0.28148418,0.191,MP
Q9VMB4,46.73219251,-0.312374332,0.416673797,-0.067786096,13.583,23.529,12.513,11.016,2.400631801,13.60358021,9.335790338,24.00631801,6.66842167,17.07115948,19.20505441,5.334737336,0.13,MP
Q9VD72 ,44.51535433,-0.306102362,0.368582677,0.082755906,9.449,27.165,14.567,12.598,1.055535841,5.541563166,1.055535841,6.333215047,2.638839603,1.319419801,2.902723563,1.055535841,0.012,MP
O13289 ,28.55773196,-0.305051546,0.392309278,0.019402062,16.289,26.186,14.227,11.959,0.529188545,5.821073999,5.027291181,7.93782818,8.731610998,7.93782818,6.614856817,2.116754181,0.035,MP
P82612,38.02862903,-0.323669355,0.33125,-0.037540323,8.871,28.629,14.516,14.113,0,3.155840757,1.314933649,7.626615162,0.788960189,3.681814216,2.892854027,1.314933649,0.056,MP
Q9Y7F0,42.07755102,-0.312091837,0.375357143,-0.010612245,12.245,26.02,11.735,14.286,0.522138795,1.566416386,0.522138795,4.177110361,3.132832771,3.132832771,2.871763373,1.04427759,0.031,MP
P41911 ,41.81454545,-0.300772727,0.404681818,0.028386364,12.5,27.045,15.455,11.591,1.917123077,4.929745055,5.751369231,12.05048791,4.381995604,4.65587033,6.299118681,1.369373626,0.011,MP
O74713 ,40.18256881,-0.278954128,0.460348624,0.122293578,14.679,16.514,8.807,7.706,2.071209025,5.954725946,1.29450564,9.061539483,10.35604512,5.178022562,12.16835302,3.624615793,0,MP
Q93VT9 ,42.20318182,-0.2305,0.375772727,0.034363636,13.182,31.364,24.545,6.818,1.913693262,1.674481605,2.15290492,3.348963209,2.870539894,2.870539894,2.392116578,0.478423316,0,MP
Q9ZVD5 ,43.70638528,-0.316374459,0.404220779,-0.048809524,9.848,24.892,14.502,10.39,4.385119282,11.23686816,5.481399102,20.28117668,11.78500807,17.26640717,18.9108269,1.644419731,0.101,MP
Q42525 ,37.50846774,-0.347923387,0.367741935,0.051512097,8.871,25,12.702,12.298,1.612484009,2.687473349,2.956220684,14.24360875,5.374946698,4.299957358,10.21239873,1.07498934,0,MP
O04019 ,39.58676123,-0.338888889,0.309054374,0.007683215,5.674,31.206,13.948,17.258,1.090392682,4.906767069,1.090392682,12.26691767,3.543776216,4.634168898,5.45196341,0,0.076,MP
P11574,33.83806584,-0.323333333,0.372201646,0.039958848,9.053,25.72,11.728,13.992,0.530772627,4.776953647,1.857704196,11.94238412,4.511567333,6.369271529,7.430816784,0.265386314,0.023,MP
P24058,38.13910256,-0.325235043,0.398675214,-0.07982906,7.479,26.496,13.675,12.821,0,5.58160615,2.23264246,17.02389876,4.744365228,3.069883383,13.39585476,0.837240923,0,MP
P13743 ,21.21921922,-0.356666667,0.404024024,-0.015225225,7.508,22.823,12.613,10.21,2.263024058,3.394536087,2.263024058,10.46648627,1.131512029,2.545902065,7.637706196,1.697268044,0,MP
P03880,31.47090164,-0.242581967,0.452889344,0.055102459,14.139,20.492,12.5,7.992,1.05268648,3.158059439,2.105372959,16.84298367,6.052947258,3.947574298,10.5268648,2.105372959,0,MP
Q28399,33.00339321,-0.349321357,0.371616766,0.063792415,10.379,23.952,12.375,11.577,3.011793349,4.654589722,2.737993954,9.035380048,6.023586699,6.844984885,7.940182467,1.642796372,0,MP
P45850,21.860199,-0.396517413,0.38840796,0.003781095,8.955,19.9,9.95,9.95,0.586966854,0.880450281,1.173933708,5.282701684,3.228317696,4.69573483,4.69573483,0.293483427,0,MP
Q12629 ,34.20213144,-0.346536412,0.407246892,-0.009307282,10.48,21.847,10.48,11.368,1.409131491,5.918352262,3.381915578,15.7822727,6.482004858,7.609310051,9.863920436,1.972784087,0.028,MP
P09608 ,41.29224652,-0.33554672,0.384572565,-0.000258449,11.531,23.658,10.537,13.121,4.16799893,5.001598716,2.778665953,14.72692955,7.502398074,6.390931693,10.83679722,0.833599786,0,MP
P61866 ,30.97333333,-0.345090909,0.358060606,-0.056848485,3.636,29.697,18.182,11.515,0.833088543,1.388480905,0.833088543,3.054657991,0.277696181,3.332354172,1.943873267,0.277696181,0.006,MP
Q383B2 ,41.22193211,-0.365117493,0.37921671,-0.073185379,6.527,23.76,12.794,10.966,1.966541334,2.809344763,1.123737905,6.742427432,3.371213716,6.742427432,6.742427432,0.842803429,0,MP
D5GCF2,58.78129676,-0.378154613,0.370573566,-0.215610973,9.726,26.434,12.469,13.965,0,4.227183948,2.536310369,7.327118844,4.227183948,11.83611505,10.708866,1.127249053,0.591,MP
D5G7U8,42.85311355,-0.283772894,0.356703297,0.041172161,12.821,27.839,14.286,13.553,1.029829564,3.089488693,2.059659129,8.496093907,1.802201738,2.832031302,3.346946085,1.544744347,0.062,MP
Q27089,28.59818496,-0.318729473,0.376611927,0.045332757,11.15,24.546,13.742,10.804,7.272975399,11.85225621,7.003605939,25.32072917,11.31351729,17.23964539,12.66036458,3.771172429,0,MP
Q27820,28.92685714,-0.352285714,0.355057143,-0.001742857,8.286,26.286,14.286,12,2.510660223,1.673773482,1.952735729,8.647829657,2.231697976,4.463395952,5.57924494,1.115848988,0,MP
I7MG78 ,32.87974684,-0.250485232,0.405443038,0.035886076,14.346,26.793,15.19,11.603,1.303443871,6.256530583,4.431709163,14.85926013,5.47446426,5.995841808,5.735153034,1.303443871,0.013,MP
P17506 ,38.23866091,-0.315939525,0.40349892,0.008660907,10.367,25.054,16.199,8.855,1.339629279,4.286813693,3.21511027,8.841553243,6.162294684,7.769849819,6.966072252,1.339629279,0.03,MP
P50142 ,28.82033898,-0.406711864,0.33020339,0.042067797,3.729,25.424,12.542,12.881,1.128590901,4.796511329,0.846443176,14.10738626,3.667920428,5.36080678,11.28590901,0,0,MP
Q8X1T3 ,34.99404255,-0.327378723,0.366561702,0.046485106,9.957,26.213,13.532,12.681,4.268031536,10.93683081,7.202303216,25.87494118,12.80409461,15.20486235,17.33887811,2.134015768,0.006,MP
Q92448 ,40.25338726,-0.342052578,0.363215369,0.038685541,10.212,25.784,12.942,12.841,3.954776199,7.909552398,5.009383185,21.09213973,10.28241812,9.22781113,22.41039846,2.900169212,0,MP
Q95U89,36.28053097,-0.293318584,0.376725664,0.06039823,12.389,25.221,13.274,11.947,1.035120734,1.811461285,1.035120734,4.916823488,3.62292257,2.84658202,2.84658202,0.517560367,0,MP
Q9I9A9 ,27.696875,-0.241015625,0.3396875,0.137578125,13.281,33.594,17.188,16.406,1.023248238,1.534872357,1.279060298,3.581368834,1.279060298,0.511624119,0.511624119,0.767436179,0,MP
P12063 ,39.98729447,-0.295007474,0.384768311,0.025575486,10.314,27.653,16.143,11.51,0.7861305,9.957653004,3.668609001,13.10217501,5.240870002,7.599261503,9.695609504,3.144522001,0.129,MP
P05979 ,48.33066667,-0.244133333,0.447883333,-0.0755,15.5,23.167,13,10.167,3.365554123,7.248885804,4.659998017,17.86332573,10.09666237,12.68555016,8.802218477,2.329999009,0,MP
P13922 ,34.81430921,-0.242319079,0.371381579,0.168322368,14.803,28.289,15.132,13.158,4.322927261,5.133476122,3.242195445,13.50914769,9.186220429,5.133476122,6.754573845,1.621097723,0,MP
Q75NZ0,42.2410219,-0.296569343,0.390905109,-0.009386861,10.803,25.401,14.453,10.949,1.827116813,6.786433878,2.871183564,16.18303463,7.569483941,9.918634129,12.26778432,2.088133501,0,MP
Q9UTI7 ,46.7072,-0.3236,0.38456,-0.057408,10.56,25.12,12,13.12,2.481647855,6.341988963,4.411818409,17.37153499,5.790511662,9.92659142,12.13250063,2.757386506,0.17,MP
Q43155 ,35.23289387,-0.344779169,0.372992749,0.054930784,8.767,23.467,11.931,11.536,6.442301213,15.30046538,6.979159648,36.50637354,13.15303164,19.59533286,28.18506781,4.294867476,0,MP
Q9GLW8 ,26.21481481,-0.363024691,0.350740741,0.042530864,7.407,24.691,12.346,12.346,0.822690953,0.822690953,0.548460635,4.936145715,2.468072858,2.468072858,2.468072858,0.274230318,0,MP
P0C0V0,32.5685654,-0.419177215,0.392721519,0.07964135,4.219,16.878,8.861,8.017,0.605375812,9.38332508,0.302687906,12.71289204,4.237630681,5.75107021,12.41020414,0,0.036,MP
P06709,35.50716511,-0.299688474,0.361619938,0.108971963,7.165,23.988,12.461,11.526,0.251611123,4.025777968,0.503222246,10.81927829,2.012888984,2.767722353,3.522555722,1.761277861,0,MP
P27302,34.5494721,-0.34907994,0.353122172,0.072217195,11.765,24.736,12.217,12.519,1.319043074,6.06759814,4.748555066,13.19043074,6.859023984,7.914258444,9.760918747,2.901894763,0.027,MP
Q8XDH4,35.17103825,-0.379754098,0.35147541,0.046393443,9.016,22.678,10.109,12.568,2.233131839,4.187122198,2.512273319,11.16565919,2.512273319,4.745405158,5.303688117,1.395707399,0,MP
D3QX74,15.05748031,-0.322598425,0.347165354,0.029685039,9.449,25.984,12.598,13.386,0.542776637,1.62832991,0.814164955,4.342213093,1.085553273,1.62832991,0.814164955,0.542776637,0.008,MP
P60723,29.67562189,-0.324079602,0.367014925,-0.041890547,6.468,29.353,17.413,11.94,0,2.635854614,0.790756384,5.008123767,1.581512768,1.317927307,3.163025537,0.527170923,0.124,MP
P23256,44.08384615,-0.301897436,0.392974359,0.003692308,12.821,22.821,11.026,11.795,2.058044848,3.858834089,2.315300453,9.003946208,3.344322877,4.630600907,5.916878937,3.344322877,0,MP
P0A7E9 ,29.6439834,-0.343858921,0.358547718,0.108672199,6.639,23.651,12.448,11.203,0.538029509,1.076059018,0.807044263,7.263398369,1.883103281,1.883103281,2.42113279,0.269014754,0.004,MP
P23872 ,52.06144201,-0.285768025,0.405141066,-0.065642633,13.48,21.944,10.031,11.912,2.049843102,4.868377366,1.537382326,9.99298512,3.587225428,4.868377366,3.33099504,1.281151939,0,MP
P09546 ,35.65810606,-0.335931818,0.390780303,-0.058075758,7.879,22.727,11.439,11.288,3.496047003,19.63164855,6.454240621,41.95256404,7.798874083,19.09379517,18.82486848,3.22712031,0.032,MP
P27278,45.13097561,-0.264390244,0.389756098,0.056268293,14.634,27.805,13.659,14.146,1.021171871,5.616445289,2.552929677,9.190546837,6.382324192,3.829394515,5.871738257,1.531757806,0,MP
P68767 ,40.51252485,-0.339125249,0.36695825,0.062186879,7.952,24.453,13.121,11.332,2.384448626,5.563713461,2.649387362,13.24693681,3.179264835,5.298774725,7.683223351,1.059754945,0.016,MP
P69786 ,29.59412998,-0.329014675,0.442222222,0.140733753,12.998,15.094,9.015,6.08,0.845282304,2.535846912,2.817607679,12.39747379,9.016344574,6.480497663,7.889301502,1.690564608,0.017,MP
P68187 ,38.90134771,-0.316603774,0.414339623,-0.015956873,7.817,24.798,13.208,11.59,0.811787885,5.953111158,2.705959617,10.82383847,2.976555579,5.411919235,4.60013135,0.541191923,0.008,MP
P76014 ,35.2647619,-0.367428571,0.390571429,-0.01452381,7.143,21.905,10.476,11.429,0.539523263,2.967377948,0.539523263,5.125471001,2.158093053,1.61856979,5.664994264,0.539523263,0,MP
P00957,33.16267123,-0.348664384,0.322374429,0.113378995,9.589,28.425,14.155,14.269,1.572279006,9.171627532,5.76502302,19.91553407,9.433674033,5.76502302,13.10232505,2.096372007,0.013,MP
P0A7L0,2.041452991,-0.388076923,0.333162393,0.089487179,3.846,26.068,15.385,10.684,0,2.548496088,0.566332464,4.813825944,1.132664928,1.982163624,2.265329856,0,0,MP
P0A7V8 ,27.09466019,-0.255776699,0.337038835,0.031941748,7.767,33.981,21.845,12.136,0.246142894,2.215286045,0.738428682,5.169000772,0.984571576,1.476857363,2.707571833,0.246142894,0.058,MP
P0A7W7 ,32.95461538,-0.333,0.360692308,0.036615385,4.615,26.923,15.385,11.538,0.265094005,1.325470023,0,2.650940045,0.795282014,1.325470023,1.855658032,0,0,MP
P07017 ,39.9318264,-0.369801085,0.416690778,-0.082169982,6.51,21.519,10.488,11.031,0,11.21159979,2.299815341,14.37384588,3.449723012,3.449723012,14.37384588,1.149907671,0.128,MP
P0ADY3,36.69268293,-0.294634146,0.37203252,0.10300813,4.065,28.455,19.512,8.943,0.499830983,0.749746474,0.249915491,1.999323931,0.749746474,1.249577457,1.499492949,0,0,MP
P0A7J3,29.37030303,-0.342787879,0.338181818,-0.021393939,6.061,27.879,15.152,12.727,0.260934617,0.78280385,0.260934617,3.914019251,1.5656077,1.304673084,1.5656077,0,0,MP
P02359 ,61.46536313,-0.27877095,0.371340782,-0.061061453,7.821,30.726,20.112,10.615,0,1.248506596,0.749103958,3.995221108,1.248506596,1.747909235,3.745519789,0.499402639,0.073,MP
P24228 ,26.99475891,-0.339140461,0.427148847,-0.025136268,9.434,18.658,10.692,7.966,1.377055096,8.537741594,1.927877134,12.11808484,5.232809364,6.60986446,8.813152614,1.101644077,0,MP
P0A9Q7 ,29.2979798,-0.357340067,0.359573513,0.028855219,9.428,24.804,13.131,11.672,2.485936194,6.629163185,5.524302654,19.88748955,8.562669113,11.32482044,13.81075663,1.381075663,0.019,MP
P31658,38.17561837,-0.328939929,0.365547703,0.040706714,14.488,24.735,12.721,12.014,0.539863806,2.159455225,2.969250934,7.288161384,4.048978547,5.128706159,4.048978547,0.809795709,0,MP
P0DOB5,25.56676471,-0.394294118,0.305352941,0.2995,8.235,24.412,12.353,12.059,0.266135201,1.064540804,2.129081608,6.919515227,3.193622412,2.395216809,4.258163216,0,0,MP
Q07637,26.76374502,-0.372151394,0.332171315,0.12561753,6.375,27.092,12.948,14.143,0.273882646,3.01270911,1.917178524,8.490362036,4.656004987,4.929887634,6.847066158,0.547765293,0,MP
K1MKZ7,26.25460674,-0.334966292,0.320921348,0.160786517,11.685,26.292,12.135,14.157,0.789557528,3.421415956,1.579115057,10.79061955,5.000531012,3.947787641,7.106017754,0.789557528,0,MP
D5GYN9,34.76269663,-0.310292135,0.329662921,0.09247191,12.809,30.787,14.607,16.18,1.0456578,2.875558949,3.659802299,8.888091298,6.796775699,4.705460099,6.273946799,1.82990115,0.002,MP
P37887 ,31.36948052,-0.372467532,0.33237013,0.147987013,7.143,24.351,12.013,12.338,0,2.179628326,0.817360622,6.811338517,2.179628326,4.631710192,4.08680311,0,0.013,MP
P39633 ,32.22051887,-0.336037736,0.37370283,0.091556604,8.962,24.057,12.264,11.792,1.06095409,3.978577836,1.326192612,8.222394195,3.713339314,4.509054881,6.896201583,1.326192612,0,MP
P41007 ,33.35921788,-0.315921788,0.337653631,0.024916201,5.028,32.402,16.201,16.201,0.254173167,1.270865833,1.016692667,4.066770666,0.7625195,1.779212166,1.270865833,0,0,MP
Q6HEJ4,28.23473193,-0.380536131,0.309067599,0.04972028,6.993,29.604,14.452,15.152,0.281634767,2.253078134,2.816347668,8.167408237,3.097982435,7.04086917,3.942886735,0.563269534,0.135,MP
Q9KK62,41.11356467,-0.355962145,0.375173502,0.140473186,15.142,22.713,9.779,12.934,0.798829361,2.396488082,2.929040989,4.260423257,4.526699711,3.461593897,6.124358432,1.331382268,0,MP
C2GUH0 ,48.39895397,-0.334456067,0.339916318,0.006694561,13.18,28.452,12.552,15.9,0.533773178,4.003298834,4.003298834,10.40857697,7.472824491,8.540370846,8.273484257,1.067546356,0,MP
A0A0E2ZJV3,39.03502825,-0.374943503,0.355056497,0.051186441,9.322,25.424,12.429,12.994,1.36734867,2.734697341,3.008167075,6.836743352,2.461227607,4.375515745,7.110213086,0.273469734,0,MP
P13299 ,39.40489796,-0.260489796,0.337877551,0.104693878,13.469,33.878,23.265,10.612,2.302970453,0.767656818,2.047084847,2.814741664,3.07062727,1.535313635,5.885368935,1.279428029,0,MP
P9WK17,33.78110661,-0.360391363,0.344736842,0.021983806,8.502,24.831,11.606,13.225,1.068664734,6.946320771,3.740326569,17.36580193,6.14482222,9.617982606,9.083650239,2.671661835,0,MP
P9WPW9,39.50774908,-0.375276753,0.378118081,-0.034169742,7.011,22.14,11.07,11.07,1.075871006,2.151742012,1.613806509,6.993161537,1.88277426,4.841419526,2.958645266,0,0,MP
P9WQN9,49.34205882,-0.344558824,0.425823529,0.018264706,13.235,13.824,7.059,6.765,0.262577666,4.463820328,0.787732999,7.089596992,3.676087329,7.352174658,6.039286326,2.88835433,0.035,MP
A0A0H3L8I8,33.65501066,-0.365970149,0.352398721,0.064541578,10.448,23.667,10.768,12.9,1.617881898,8.359056471,5.123292676,18.60564182,9.707291385,15.63952501,13.75199613,2.696469829,0,MP
A0A0E0UUG2,39.02794349,-0.266938776,0.373563579,0.088021978,13.972,29.513,13.658,15.856,1.046642958,5.756536269,4.709893311,14.65300141,9.158125883,4.448232572,8.111482925,1.569964437,0,MP
O33983 ,25.95976009,-0.312998909,0.417993457,0.01868048,13.086,22.246,13.959,8.288,0,9.144589671,2.874013896,15.41516544,6.793123755,7.838219718,18.28917934,6.009301784,0,MP
P44324,28.45621053,-0.365705263,0.379389474,0.0852,7.158,22.316,10.737,11.579,2.916015702,4.665625124,2.332812562,13.7052738,4.082421983,4.957226694,5.540429834,0.29160157,0,MP
P53647,26.66231884,-0.320193237,0.356570048,0.157004831,17.391,24.155,12.56,11.594,0,2.644618388,2.644618388,5.289236777,2.644618388,1.586771033,2.115694711,1.851232872,0,MP
C4XEI3,27.37804348,-0.352804348,0.33373913,0.116413043,8.696,27.391,14.565,12.826,0.549845728,3.573997232,2.74922864,10.44706883,3.024151504,3.299074368,5.773380144,0.824768592,0,MP
P75391 ,32.16330275,-0.315259939,0.401376147,0.095137615,10.703,21.713,11.315,10.398,0.526385422,3.158312534,1.052770845,7.106203202,4.211083379,4.47427609,3.684697956,0.789578134,0,MP
Q4A9M4,34.21154684,-0.300261438,0.381960784,0.086361656,10.24,23.965,12.854,11.111,0.267728959,3.48047647,0.803186878,10.17370045,5.890037103,4.283663348,8.567326696,0.803186878,0,MP
A9M296,38.11744548,-0.400825545,0.275,0.088676012,4.829,30.374,13.24,17.134,0.561743342,8.426150123,1.404358354,12.92009685,4.493946732,5.055690074,8.987893464,0.280871671,0,MP
A0A125WDU3,25.0942623,-0.288770492,0.353196721,0.113934426,13.115,30.328,16.393,13.934,0.767475244,1.279125407,0.767475244,3.069900978,2.046600652,0.511650163,1.534950489,0.255825081,0,MP
Q1J8I3 ,20.18057971,-0.380811594,0.346985507,0.152202899,8.406,24.348,12.174,12.174,0.56260331,2.250413239,1.969111584,6.469938063,3.656921514,2.813016549,4.500826479,0.56260331,0,MP
E6IYJ0,17.17359307,-0.347186147,0.352554113,0.18038961,10.39,23.81,11.255,12.554,0.517779833,2.071119332,1.035559666,5.436688246,2.588899165,1.553339499,3.106678998,1.035559666,0,MP
E6J203,27.37261905,-0.398015873,0.314722222,0.085793651,8.73,24.603,10.714,13.889,1.11961436,1.95932513,0.83971077,5.318168211,2.799035901,2.519132311,4.478457441,0.55980718,0,MP
Q8DNW9,41.3268254,-0.291873016,0.338746032,0.006603175,14.286,29.365,12.381,16.984,0.257688437,5.411457174,2.576884369,14.6882409,9.276783727,7.730653106,9.276783727,4.12301499,0,MP
P0A4S2,27.89829352,-0.379112628,0.303549488,0.222013652,9.556,26.962,12.287,14.676,0.549471235,2.197884941,2.197884941,5.769447971,2.747356177,2.747356177,2.472620559,0.549471235,0.007,MP
A8AUR6,38.92121212,-0.344704185,0.347792208,0.073924964,9.235,28.716,12.698,16.017,0.267968939,7.235161357,3.751565148,12.3265712,7.235161357,7.503130296,8.575006053,1.071875757,0.03,MP
A8AWA0,39.60904523,-0.354673367,0.331733668,0.094396985,8.291,30.653,13.568,17.085,0,2.977586444,3.24827612,7.308621271,2.706896767,5.413793534,4.06034515,0,0,MP
A0A0H2UNG6,41.50738397,-0.333312236,0.334936709,0.116012658,11.603,26.16,11.814,14.346,0.785417554,4.450699471,2.09444681,9.948622346,4.712505322,4.712505322,7.592369685,1.309029256,0,MP
Q8E4T9,36.8433913,-0.374330435,0.332147826,-0.054669565,9.043,28.609,14.348,14.261,0,13.77097705,4.87722104,22.09094236,10.04133743,17.78751203,22.66473307,2.008267487,0.177,MP
Q2YVT4 ,16.10149254,-0.384358209,0.461074627,0.073671642,12.239,12.239,8.955,3.284,0.288188296,3.746447844,1.440941478,5.187389322,2.305506365,2.881882957,12.68028501,1.440941478,0,MP
Q9AIS0 ,26.69784946,-0.385541219,0.401304659,0.012508961,10.753,21.29,12.545,8.746,0,27.03563472,5.106731004,18.02375648,7.509898535,12.91702548,42.65622368,5.407126945,0,MP
Q9K498,45.04859002,-0.304642082,0.356290672,-0.095813449,8.677,28.2,15.184,13.015,0.751269951,3.005079802,3.005079802,12.27074253,2.504233169,9.265662724,3.756349753,1.502539901,0.061,MP
P0AAI4 ,36.00776398,-0.331164596,0.34673913,0.062996894,7.609,27.329,13.82,13.509,0.525868756,5.784556316,2.366409402,13.40965328,6.57335945,9.465637608,8.413900096,1.31467189,0.09,MP
P54066 ,29.14188034,-0.353675214,0.310683761,0.075384615,5.128,31.624,15.385,16.239,0.279877022,1.119508089,0.279877022,2.798770222,0.279877022,1.119508089,0.839631066,0,0,MP
Q57872 ,31.57696078,-0.276421569,0.365784314,0.113039216,13.235,27.941,14.706,13.235,0.523247493,1.569742479,0.78487124,4.709227438,2.092989972,1.831366226,3.924356198,0.261623747,0,MP
B1YAL1,33.7,-0.302882206,0.343283208,0.077042607,13.033,29.574,15.789,13.784,0,2.812781355,3.579903543,8.18263667,5.114147919,7.159807086,3.068488751,0.511414792,0.028,MP
Q9HI69,27.4379538,-0.309933993,0.322046205,0.095643564,8.581,29.373,14.851,14.521,0.768146355,1.792341495,0.768146355,5.889122055,3.07258542,3.07258542,3.58468299,0.256048785,0,MP
Q5JFD7,34.68495935,-0.298963415,0.318292683,0.18304878,9.553,28.659,13.821,14.837,1.236919969,2.473839939,0.989535976,9.647975762,4.45291189,6.679367835,1.979071951,1.484303963,0,MP
Q5JFG7 ,36.65984456,-0.295284974,0.386865285,0.107253886,12.953,25.648,13.472,12.176,0.256924544,2.569245444,1.798471811,6.42311361,4.624641799,5.138490888,4.367717255,1.541547266,0.01,MP
Q7LX99,31.78398329,-0.260222841,0.371922006,0.127618384,14.624,26.184,12.674,13.51,1.268037411,6.340187055,2.789682304,16.73809383,10.14429929,8.876261877,8.622654395,3.804112233,0,MP
B9VJ59,34.5242268,-0.32919244,0.500704467,-0.109364261,11.512,13.402,7.56,5.842,4.892454743,7.194786387,2.014540188,16.11632151,7.482577842,10.07270094,16.97969587,2.014540188,0,MP
P00550,32.51193093,-0.349544741,0.3988854,0.112794349,8.948,20.094,10.518,9.576,1.134945482,4.256045559,3.688572818,19.01033683,8.228354747,7.377145635,11.34945482,1.134945482,0,NonMP
P03004,47.20513919,-0.292719486,0.388051392,-0.032826552,9.85,26.338,14.561,11.777,0.792024173,6.072185323,2.376072518,12.67238676,5.544169208,5.544169208,6.336193381,1.320040288,0.066,NonMP
P04395,48.46347518,-0.271950355,0.419822695,-0.094503546,12.057,20.567,11.348,9.22,1.008920571,3.531221997,1.008920571,8.323594707,2.270071284,5.044602853,2.270071284,2.270071284,0,NonMP
P0A8H3,42.01011673,-0.354902724,0.473968872,0.033229572,8.171,10.117,5.447,4.669,0.308140627,1.540703133,1.232562506,12.94190632,3.389546893,4.622109399,5.546531279,0.616281253,0,NonMP
P0AAD8,30.96975169,-0.265823928,0.508465011,0.026388262,14.673,13.318,8.126,5.192,1.675659781,1.675659781,1.396383151,16.19804455,10.05395869,4.189149453,10.61251195,2.513489672,0.036,NonMP
P0ABI4,47.85759494,-0.251582278,0.376993671,0.019018987,12.342,28.165,11.392,16.772,0.256441195,3.590176732,1.282205976,11.02697139,5.641706293,2.820853146,4.872382708,1.025764781,0,NonMP
P0AD99,26.15808656,-0.327790433,0.509225513,-0.022255125,11.845,9.339,5.695,3.645,1.478951906,3.253694193,1.774742287,18.04321325,7.69054991,5.915807623,9.465292197,2.366323049,0,NonMP
P0AFJ7,29.39799599,-0.325350701,0.466633267,0.013106212,10.02,15.832,10.22,5.611,0.577227055,3.751975856,3.463362328,19.33710633,5.195043492,4.906429965,9.524246403,2.308908219,0.024,NonMP
P0AFR2,38.24847943,-0.31118068,0.468783542,-0.013738819,9.123,14.669,8.766,5.903,1.717912229,4.008461868,2.863187048,23.4781338,7.73060503,8.589561145,8.016923735,2.004230934,0,NonMP
P0AGE4,34.9884058,-0.342874396,0.48678744,-0.051014493,7.971,11.111,6.763,4.348,2.470153282,2.470153282,1.543845802,20.37876458,5.557844885,5.249075725,9.88061313,1.543845802,0,NonMP
P24177,32.44079074,-0.330231437,0.440896818,0.003037608,9.836,18.033,8.968,9.065,1.124979829,15.46847264,3.093694528,30.93694528,14.06224786,12.09353316,18.84341213,3.093694528,0.003,NonMP
P46136,30.40853242,-0.285085324,0.523412969,0.052798635,14.676,7.85,5.461,2.389,1.437189657,1.724627588,1.149751726,12.93470691,4.886444833,3.161817245,5.748758628,2.586941382,0,NonMP
P69423,52.19573643,-0.253604651,0.510658915,-0.075930233,14.341,16.279,7.752,8.527,1.144814623,1.717221934,0.858610967,9.444720638,6.296480425,4.579258491,4.865462147,0.572407311,0,NonMP
P69786,29.59412998,-0.329014675,0.442222222,0.140733753,12.998,15.094,9.015,6.08,0.845282304,2.535846912,2.817607679,12.39747379,9.016344574,6.480497663,7.889301502,1.690564608,0.017,NonMP
P69797,20.60835913,-0.354643963,0.356315789,0.01377709,6.192,26.625,13.313,13.313,0,1.940950304,1.109114459,6.931965371,1.940950304,4.713736452,2.495507534,1.109114459,0,NonMP
P76630,46.35510204,-0.314612245,0.500163265,-0.075591837,12.245,10.612,6.122,4.49,1.380426258,2.484767264,0.276085252,7.730387043,4.969534528,3.313023018,6.626046037,1.932596761,0.045,NonMP
A1A5B4,42.29079284,-0.223964194,0.461150895,-0.057327366,14.706,24.297,13.939,10.358,4.111707679,7.452470168,5.653598059,22.61439223,13.10606823,9.251342278,11.05021439,4.368689409,0,NonMP
O00341,36.24571429,-0.322107143,0.467678571,-0.065,8.75,17.5,9.286,8.214,3.16239471,5.174827708,2.587413854,18.68687783,7.474751133,8.912203274,10.34965542,0.862471285,0.02,NonMP
O14804,27.92878338,-0.220237389,0.534985163,-0.108486647,17.507,14.54,9.199,5.341,3.917366099,3.35774237,2.238494913,13.99059321,8.114544061,4.197177963,5.596237284,2.238494913,0,NonMP
O14979,49.90714286,-0.329904762,0.33802381,0.090333333,11.905,26.667,16.429,10.238,0.761928319,7.111330977,2.031808851,5.841450446,3.809641595,6.603378765,8.127235403,0.761928319,0.362,NonMP
O15400,46.51494253,-0.311570881,0.429693487,-0.121455939,6.13,27.586,13.41,14.176,0.565536962,9.048591384,1.131073923,5.655369615,1.696610885,2.262147846,6.220906577,0.565536962,0.203,NonMP
O43663,56.99274194,-0.276467742,0.380209677,-0.13533871,7.581,33.065,17.097,15.968,3.27471059,11.18859452,3.27471059,18.82958589,4.639173336,6.003636082,13.09884236,1.910247844,0.215,NonMP
O60669,41.38389121,-0.294937238,0.473054393,0.001757322,13.598,15.481,9.833,5.649,1.967217696,3.091342094,1.405155497,14.61361717,9.555057383,7.868870786,12.92743058,1.686186597,0.153,NonMP
O75387,50.23273703,-0.292862254,0.488443649,-0.078533095,12.165,14.49,8.05,6.44,4.230618129,6.486947798,1.97428846,23.40942031,10.15348351,7.333071424,11.84573076,2.538370877,0.027,NonMP
O75821,39.1559375,-0.34334375,0.3126875,-0.07303125,7.5,31.875,15.937,15.937,1.352891346,2.705782692,0.811734808,5.682143653,3.24693923,6.223300191,5.682143653,1.082313077,0.319,NonMP
O94811,32.45570776,-0.368493151,0.273150685,0.021826484,7.763,35.16,21.005,14.155,0.788679426,1.31446571,1.31446571,2.628931419,2.103145135,2.366038277,4.994969696,0.262893142,0.356,NonMP
O95232,82.53101852,-0.246296296,0.237986111,-0.089490741,5.556,50.231,29.398,20.833,2.037222624,5.529604266,2.910318035,7.857858694,1.746190821,1.455159017,14.26055837,0.291031803,0.542,NonMP
P04920,53.10128928,-0.308098308,0.400668815,-0.102489927,10.073,26.108,13.537,12.571,2.736899927,12.86342966,9.852839737,40.77980891,16.96877955,24.90578933,22.71626939,2.736899927,0.288,NonMP
P12314,47.14331551,-0.271764706,0.458128342,-0.127887701,12.834,24.064,13.904,10.16,1.893616786,5.139816991,3.246200205,13.79635087,3.516716888,4.057750256,8.386017196,2.975683521,0.067,NonMP
P14866,56.96536503,-0.356791171,0.347843803,0.088862479,11.715,24.278,14.092,10.187,2.962727325,7.00281004,4.848099258,9.426859669,5.656115801,13.19760354,11.58157045,0.538677695,0.343,NonMP
P31943,32.59977728,-0.353229399,0.3177951,0.270289532,14.031,25.39,13.14,12.249,1.250326838,4.501176617,3.000784411,5.501438087,6.25163419,4.251111249,9.252418601,0.500130735,0.098,NonMP
P47813,44.49652778,-0.323333333,0.157708333,0.291527778,7.639,41.667,19.444,22.222,0.504070858,1.008141717,0.504070858,2.520354292,1.008141717,0.756106288,0.756106288,0.252035429,0.188,NonMP
P55017,39.05200784,-0.293114594,0.440391773,0.008227228,12.733,19.785,11.166,8.619,5.388674552,8.083011828,5.927542007,27.21280649,14.54942129,14.01055383,19.66866211,5.388674552,0.176,NonMP
P62995,118.36875,-0.235868056,0.313993056,-0.036979167,13.542,38.194,27.778,10.417,0.460973293,1.152433232,2.074379818,1.152433232,1.382919879,2.765839757,11.98530561,0.230486646,0.653,NonMP
Q04323,70.35084175,-0.318518519,0.295387205,-0.141885522,3.704,36.7,17.172,19.529,0.53516765,5.619260324,0.802751475,7.759930923,1.0703353,5.886844149,4.548925024,0.267583825,0.613,NonMP
Q0JRZ9,44.81,-0.360395062,0.402012346,-0.149691358,8.395,25.062,13.086,11.975,2.660702495,9.164641927,3.843236937,18.03365024,7.686473875,15.07731414,28.085193,2.069435274,0.298,NonMP
Q12934,55.81443609,-0.340030075,0.316030075,-0.122661654,5.564,35.038,16.09,18.947,1.381999956,11.88519962,3.040399903,17.13679945,2.48759992,10.22679967,11.88519962,0.276399991,0.346,NonMP
Q13190,61.06056338,-0.311577465,0.451126761,-0.157352113,7.324,24.225,13.803,10.423,0.574914915,8.336266275,1.724744746,10.63592594,4.024404408,4.024404408,10.34846848,0.287457458,0.099,NonMP
Q13257,51.00878049,-0.282,0.43004878,-0.090097561,9.756,25.854,11.707,14.146,0.803557404,2.94637715,0.267852468,5.624901831,2.410672213,1.607114809,4.553491959,0.803557404,0.029,NonMP
Q13325,41.27012448,-0.258713693,0.353506224,0.00873444,13.9,32.78,18.05,14.73,2.0817477,5.464587712,4.423713862,15.09267082,4.944150787,2.862403087,7.286116949,1.301092312,0.002,NonMP
Q13336,44.74858612,-0.290616967,0.5,-0.083084833,12.082,11.568,6.17,5.398,2.90797492,2.90797492,0.872392476,16.86625454,5.815949841,6.979139809,9.014722253,3.489569905,0.015,NonMP
Q13651,49.25155709,-0.356262976,0.412698962,-0.163875433,10.9,21.972,10.554,11.419,3.695046639,6.537390208,4.831984067,19.61217062,7.105858921,12.22207734,18.75946755,2.558109212,0.27,NonMP
Q15386,55.7289012,-0.25787627,0.429870729,-0.071569714,12.558,24.931,13.112,11.819,5.044627401,13.00982856,6.106654222,37.96745886,17.25793585,13.27533527,24.6921236,2.389560348,0.052,NonMP
Q15560,55.38461538,-0.307725753,0.35548495,-0.184247492,4.348,32.441,19.064,13.378,2.945975711,2.678159737,1.071263895,5.891951421,1.339079868,4.017239605,5.356319474,0.535631947,0.161,NonMP
Q495M3,47.57287785,-0.281511387,0.502795031,-0.087971014,11.18,15.528,9.11,6.418,3.221128634,3.221128634,2.635468883,21.37658094,7.613576772,7.320746897,11.71319503,1.464149379,0.048,NonMP
Q5VZL5,52.80122739,-0.337881137,0.397306202,-0.141027132,9.044,25.84,13.566,12.274,17.62853436,24.85334352,8.091786263,36.41303818,17.62853436,25.72032062,47.10575575,2.600931299,0.243,NonMP
Q86WV1,61.00445682,-0.313064067,0.27275766,0.050334262,13.092,34.819,13.092,21.727,1.249278413,4.247546603,1.748989778,7.745526158,3.497979555,3.497979555,7.245814793,1.99884546,0.156,NonMP
Q8N697,44.4152513,-0.307001733,0.450866551,0.010363951,12.652,15.078,9.532,5.546,3.554886653,5.195603569,2.461075375,20.50896146,10.39120714,6.836320486,11.48501842,2.461075375,0.026,NonMP
Q8NCR0,48.7958,-0.28222,0.40348,-0.03894,13,24.2,12,12.2,3.350216203,4.896469835,3.350216203,14.68940951,4.896469835,6.958141345,8.504394977,4.123343019,0,NonMP
Q8NDV3,51.02526316,-0.262412955,0.350615385,-0.016866397,8.745,36.356,19.433,16.923,5.995308792,23.98123517,7.902907044,35.15431064,12.80815969,5.722794756,20.4385527,1.090056144,0,NonMP
Q8WWY3,58.46492986,-0.334488978,0.352745491,-0.028857715,6.814,29.659,14.629,15.03,1.097813957,6.312430254,1.646720936,12.62486051,3.293441872,4.940162808,11.52704655,0.548906979,0.178,NonMP
Q969I6,35.10493601,-0.284862888,0.467787934,0.044917733,14.077,17.916,9.506,8.41,1.147549137,2.00821099,3.729534696,19.22144805,10.04105495,7.745956676,13.48370236,1.147549137,0.06,NonMP
Q9C0H2,44.1875717,-0.32166348,0.431912046,-0.145697897,11.855,19.503,9.369,10.134,4.606411819,6.232204225,3.793515615,20.05143968,3.793515615,7.316065829,12.19344305,3.251584813,0.147,NonMP
Q9GZU1,40.96948276,-0.277413793,0.455189655,-0.064948276,13.793,19.483,10.862,8.621,5.390467564,5.92951432,3.773327294,19.67520661,9.433318236,8.355224723,12.3980754,1.886663647,0.088,NonMP
Q9H1B5,44.18416185,-0.292,0.410323699,-0.150323699,11.792,24.509,13.873,10.636,3.631137378,10.89341213,5.706073023,24.38049382,8.559109534,17.63695298,15.30265038,5.706073023,0.165,NonMP
Q9H270,43.53645058,-0.278278427,0.402284803,-0.044102019,13.496,28.48,15.94,12.54,6.159460407,16.33596021,10.71210505,28.11927577,11.24771031,9.640894549,16.87156546,2.142421011,0,NonMP
Q9H2J7,44.9709589,-0.282315068,0.443164384,0.048287671,13.836,18.904,8.767,10.137,4.374878628,4.921738456,2.460869228,21.32753331,13.12463588,9.296617084,15.58550511,3.554588885,0.056,NonMP
Q9H492,63.72479339,-0.227520661,0.441652893,-0.118677686,12.397,30.579,17.355,13.223,0.26962036,2.696203597,0.808861079,2.426583238,2.156962878,2.156962878,2.156962878,0,0.099,NonMP
Q9HBJ8,34.3036036,-0.268828829,0.428963964,-0.051441441,10.811,23.874,11.712,12.162,1.081488244,1.351860305,1.081488244,5.67781328,3.514836792,3.514836792,2.97409267,1.351860305,0.05,NonMP
Q9NRA2,35.42080808,-0.279494949,0.482020202,0.010363636,15.758,14.949,9.091,5.859,2.195371615,3.293057422,3.293057422,15.91644421,8.507065008,6.860536296,10.42801517,4.116321778,0.059,NonMP
Q9NWQ8,59.26805556,-0.417106481,0.331851852,-0.149791667,6.25,28.472,11.111,17.361,2.416372297,6.040930743,2.416372297,10.5716288,2.416372297,8.45730304,15.70641993,0.302046537,0.752,NonMP
Q9NY26,49.93858025,-0.326203704,0.467191358,-0.149660494,8.333,15.123,7.716,7.407,2.364367524,4.433189108,2.364367524,20.09712396,3.842097227,5.910918811,5.910918811,0.886637822,0.025,NonMP
Q9UJ71,39.08506098,-0.30652439,0.433597561,-0.110060976,10.061,21.951,11.89,10.061,1.366666114,4.646664788,0.819999668,8.74666313,3.279998674,5.193331234,7.926663462,2.459999005,0.064,NonMP
Q9Y6Y9,37.80875,-0.2384375,0.462875,-0.030125,15.625,21.875,13.125,8.75,1.84564965,1.318321179,0.527328471,3.6912993,3.427635064,1.84564965,4.482292007,0.263664236,0,NonMP
A2A5Z6,40.42339572,-0.267914439,0.394398396,-0.027018717,12.834,28.476,16.31,12.166,4.41240218,10.64167585,7.007932874,19.72603327,7.786592082,10.64167585,9.603463568,3.374189902,0.087,NonMP
A2AHC3,61.23232132,-0.339316888,0.36459203,-0.206337761,7.97,30.993,16.572,14.421,7.071440158,24.32575414,13.01144989,39.60006488,11.03144665,33.09433994,46.10578983,3.111433669,0.493,NonMP
A2RSY1,51.84440753,-0.376212625,0.442181617,-0.279645626,5.98,21.705,13.289,8.416,3.308739113,12.03177859,6.91827269,29.47785755,5.715094831,21.65720146,32.18500773,2.406355718,0.308,NonMP
P04919,43.8459634,-0.282389666,0.447707212,-0.104359526,10.549,20.775,10.011,10.764,1.656062444,9.108343444,3.864145704,40.57352989,13.24849956,17.66466607,16.56062444,3.036114481,0.096,NonMP
P43274,28.87488584,-0.394292237,0.295159817,-0.239954338,0.913,33.333,30.137,3.196,0,0.310664774,0,2.795982967,0.310664774,5.902630707,4.970636385,0,0.84,NonMP
P47873,51.72160804,-0.291909548,0.436482412,-0.345577889,5.025,21.106,13.568,7.538,0.524399146,2.097596584,1.048798292,11.27458164,0.262199573,4.457392742,3.932993596,1.048798292,0.06,NonMP
P58735,39.77002841,-0.322982955,0.449076705,-0.114943182,9.375,17.614,10.227,7.386,5.325377096,8.408490151,3.923962071,30.83113055,8.688773156,9.249339166,14.85499927,1.401415025,0.021,NonMP
P60330,53.2523135,-0.316468366,0.42003305,-0.231482531,8.499,23.229,12.417,10.812,18.60489155,36.11537772,12.58566193,88.92043757,17.78408751,32.83216156,50.34264773,7.660837698,0.086,NonMP
P70279,63.31661972,-0.235971831,0.315774648,-0.18228169,3.662,43.099,29.296,13.803,0.544220944,8.979645569,1.088441887,8.979645569,0.816331415,3.809546605,4.897988492,0.816331415,0.803,NonMP
Q14AT5,42.11164144,-0.263678696,0.436961583,-0.05975553,15.367,21.769,11.176,10.594,4.966080363,8.625297472,5.750198315,27.18275567,14.63686844,12.28451458,13.33000518,6.011570965,0.072,NonMP
Q5ISE2,46.93613793,-0.469103448,0.398427586,-0.227131034,6.207,14.483,7.31,7.172,3.097510579,9.636699578,4.818349789,21.68257405,7.915860368,24.43591679,26.156756,0.344167842,0.388,NonMP
Q61545,49.01496183,-0.426259542,0.351954198,0.072122137,9.771,17.405,10.229,7.176,1.372822596,16.19930663,1.098258077,4.393032306,4.118467787,20.59233894,15.92474211,0.823693557,0.82,NonMP
Q62193,48.35518519,-0.359296296,0.428148148,-0.060074074,10.37,22.222,11.481,10.741,0.865464882,4.038836114,2.307906351,4.327324408,3.75034782,5.19278929,7.789183935,0.576976588,0,NonMP
Q62376,79.38549107,-0.264799107,0.158125,0.100379464,7.589,48.884,27.902,20.982,0.25889686,1.553381163,3.106762326,4.919040349,1.812278023,8.284699535,6.213524652,0.517793721,0.683,NonMP
Q67BT3,39.48513986,-0.271171329,0.504527972,-0.117307692,11.713,16.084,8.741,7.343,4.62371767,4.334735315,1.733894126,20.80672951,9.825400048,8.958452985,9.825400048,4.045752961,0.007,NonMP
Q6A028,52.2191453,-0.246820513,0.341897436,-0.060393162,9.402,37.436,18.803,18.632,1.883796632,11.8410074,3.498479459,18.83796632,4.844048482,4.036707068,7.266072723,3.229365655,0.157,NonMP
Q6NVG1,52.20076336,-0.303454198,0.458778626,-0.195820611,10.115,18.893,11.069,7.824,2.446247459,8.425963471,2.446247459,20.65720077,7.610547651,11.68762675,11.41582148,2.446247459,0.067,NonMP
Q6Q473,40.92261905,-0.352554113,0.401655844,-0.065108225,9.848,22.619,10.498,12.121,3.645433535,9.25379282,3.365015571,19.06842157,10.93630061,13.17964432,25.23761678,3.084597607,0,NonMP
Q78KK3,37.83522167,-0.31046798,0.527142857,-0.128669951,9.852,10.099,6.65,3.448,2.430114676,4.860229353,1.215057338,23.38985376,8.201637033,6.379051026,10.32798737,0.303764335,0,NonMP
Q7TPS5,42.51338583,-0.344468504,0.408159449,-0.092234252,9.252,23.13,11.516,11.614,7.649007711,11.61515986,6.232524801,26.91317528,12.18175302,17.56438808,24.08020946,1.983076073,0.118,NonMP
Q8BIF2,46.76524064,-0.348048128,0.450213904,-0.18171123,13.636,17.38,9.893,7.487,0.834765006,6.121610042,2.226040015,3.895570027,4.173825029,15.30402511,4.452080031,0.556510004,0.305,NonMP
Q8BL66,54.12189936,-0.333571935,0.340680369,-0.139525159,4.111,36.357,18.001,18.356,6.094169212,53.62868907,10.36008766,57.58989906,3.656501527,2.132959224,30.77555452,0.914125382,0.24,NonMP
Q8C0L6,43.41428571,-0.331369048,0.400376984,-0.068611111,11.905,23.81,10.913,12.897,2.159390011,5.938322529,3.778932519,15.65557758,7.827788789,7.557865037,10.5270263,2.699237513,0.004,NonMP
Q8JZQ9,46.8388543,-0.311942715,0.337272727,-0.026625156,11.706,31.133,13.948,17.186,1.843259996,10.79623712,3.949842849,12.63949712,10.00626855,12.1128514,14.74607997,5.529779989,0.215,NonMP
Q8JZX4,52.28567901,-0.334864198,0.278074074,-0.044666667,6.914,36.049,17.778,18.272,1.083147791,4.603378113,1.083147791,7.582034539,3.520230321,7.040460643,8.123608434,0.270786948,0.546,NonMP
Q8K273,47.29847328,-0.288396947,0.405496183,-0.065343511,13.74,25.954,16.031,9.924,0.26561222,0.53122444,1.328061099,4.515407737,2.390509979,1.062448879,3.452958858,0.26561222,0,NonMP
Q91Z92,50.02553846,-0.245723077,0.350123077,-0.074492308,12.615,29.846,17.231,12.615,1.624967308,2.553520055,1.857105495,9.981942033,2.321381868,3.482072802,3.946349176,2.321381868,0.018,NonMP
Q920F6,50.6630609,-0.276266026,0.353902244,-0.008637821,8.494,35.016,18.51,16.506,6.094784062,24.65617189,8.311069175,35.46056181,12.18956812,7.479962258,20.22360166,1.108142557,0.049,NonMP
Q9CZA6,52.89447674,-0.339622093,0.317063953,-0.107267442,4.942,32.558,15.407,17.151,0.27721673,6.375984783,0.554433459,9.702585539,2.217733838,4.435467675,8.593718621,0.27721673,0.573,NonMP
Q9D7P7,49.90675105,-0.282489451,0.406751055,-0.226793249,12.236,27.848,14.768,13.08,1.623412491,3.246824982,2.435118736,9.469906196,3.51739373,4.870237472,3.51739373,0,0.004,NonMP
Q9EPL0,46.76508671,-0.287930636,0.411190751,-0.130439306,11.908,24.393,13.988,10.405,3.622092364,10.34883533,5.69185943,24.83720478,8.537789145,16.29941564,15.26453211,5.69185943,0.16,NonMP
Q9EQ32,49.7135635,-0.327805179,0.377422935,-0.171504316,9.494,27.99,12.947,15.043,4.388713929,9.326017099,4.663008549,19.47491806,7.680249376,18.92632882,18.92632882,2.468651585,0.17,NonMP
Q9ESD7,50.1976555,-0.279215311,0.377870813,-0.088875598,12.01,27.703,13.541,14.163,10.36212014,22.79666431,10.36212014,55.95544877,27.20056538,41.18942757,30.30920142,10.62117315,0.073,NonMP
Q9JLJ4,39.27842466,-0.184520548,0.520136986,0.006678082,19.178,17.808,11.986,5.822,1.333210515,3.199705236,1.866494721,10.93232622,5.866126266,2.66642103,4.799557854,2.66642103,0,NonMP
Q9QXW9,34.97551789,-0.298097928,0.472561205,0.013841808,12.618,14.501,7.533,6.968,3.149632813,4.00862358,1.431651279,18.32513637,9.448898439,9.162568183,9.448898439,3.149632813,0.117,NonMP
Q9R0Y1,52.16909091,-0.272646465,0.455333333,0.002080808,14.545,22.222,12.727,9.495,4.128272748,6.605236397,3.853054565,12.93525461,9.082200045,6.330018213,9.082200045,1.651309099,0.008,NonMP
Q9WV06,51.05152439,-0.317439024,0.313170732,-0.065609756,5.793,35.366,18.293,17.073,0.795982521,4.245240115,2.918602579,10.87842779,1.061310029,4.245240115,3.183930086,0.530655014,0.28,NonMP
Q9Z0F3,44.02041885,-0.193089005,0.439371728,-0.083874346,14.136,25.131,15.183,9.948,1.227481341,2.700458949,0.736488804,6.382902971,4.173436558,2.209466413,2.700458949,0.981985072,0.058,NonMP
Q9Z2E2,67.8672956,-0.33081761,0.37913522,-0.241147799,7.862,27.044,16.352,10.692,9.792416137,11.11571562,2.911258852,12.1743552,4.763878121,13.23299478,14.82095415,2.646598956,0,NonMP
P00724,26.60488722,-0.304116541,0.412537594,0.042180451,16.917,19.737,8.083,11.654,0.530325995,5.038096953,1.06065199,10.3413569,10.3413569,6.894237935,12.72782388,4.24260796,0,NonMP
P06103,37.7491481,-0.276487549,0.384351245,-0.017811271,13.368,29.227,14.679,14.548,1.571566785,5.762411546,3.928916963,13.62024547,12.31060648,9.953256306,14.66795666,4.452772558,0.008,NonMP
P11655,21.11571125,-0.362823779,0.38089172,0.051740977,10.403,24.841,13.163,11.677,0.872371768,2.326324716,3.198696484,10.75925181,6.688183558,2.907905895,13.37636712,0.290790589,0,NonMP
P11709,55.13704545,-0.30075,0.377022727,-0.097340909,9.545,32.955,16.591,16.364,1.152923088,12.68215397,4.323461582,11.24100011,4.611692354,5.47638467,8.935153935,0.864692316,0.32,NonMP
P15380,37.70829346,-0.305629984,0.437830941,0.069760766,14.035,17.384,9.729,7.656,4.322789916,3.512266807,3.242092437,14.85959034,9.726277312,7.024533614,13.50871849,4.863138656,0.139,NonMP
P19807,38.12646536,-0.296234458,0.467424512,0.042149201,16.163,15.986,8.881,7.105,4.45585859,2.506420457,3.898876266,15.03852274,11.97511996,6.126805561,15.87399623,4.177367428,0.034,NonMP
P23585,30.46358595,-0.288539741,0.466802218,0.136007394,14.603,15.527,8.503,7.024,2.905938785,3.962643798,0.528352506,9.774521369,11.35957889,4.490996305,11.62375514,2.641762532,0.013,NonMP
P25043,23.751341,-0.373295019,0.391417625,0.046168582,10.345,22.605,12.261,10.345,1.126048989,3.378146966,2.533610225,5.911757191,1.689073483,1.97058573,5.911757191,0.844536742,0.011,NonMP
P25046,52.33590909,-0.340909091,0.384636364,-0.072818182,10,25,12.727,12.273,0.281970986,5.639419715,0.845912957,3.9475938,2.255767886,3.665622814,6.767303657,0.563941971,0.355,NonMP
P25336,41.14557957,-0.283929273,0.391827112,-0.015952849,11.002,29.371,15.914,13.458,3.043674852,9.40772227,8.300931415,30.71344624,12.17469941,8.854326843,23.79600339,1.383488569,0.131,NonMP
P25582,42.94613555,-0.300273484,0.271807372,0.054209275,7.61,38.763,20.333,18.43,1.625273426,7.855488223,3.521425755,16.52361316,7.042851511,6.771972606,12.4604296,2.167031234,0,NonMP
P31381,36.46073501,-0.286247582,0.461218569,0.027137331,13.926,20.116,9.091,11.025,1.136696968,3.410090905,2.557568179,14.49288635,11.36696968,4.546787874,13.64036362,2.273393937,0.139,NonMP
P31755,44.98979167,-0.280083333,0.418291667,-0.099520833,12.917,25.625,13.958,11.667,0.272134906,5.714833017,2.993483961,11.97393585,5.986967923,8.164047167,13.87888018,2.993483961,0.083,NonMP
P32332,36.36203704,-0.325154321,0.443765432,0.105771605,9.877,18.519,12.037,6.481,0.825554982,4.6781449,1.375924971,7.705179835,3.852589917,3.027034935,6.05406987,0.550369988,0.034,NonMP
P32368,26.01284109,-0.279309791,0.401749599,0.074382022,15.249,25.682,14.446,11.236,1.060223155,7.156506295,5.301115774,15.10817996,10.60223155,6.09628314,9.542008393,2.385502098,0.018,NonMP
P32585,39.65309446,-0.342247557,0.423648208,-0.021693811,8.795,20.521,9.121,11.401,0.586257964,3.810676766,1.172515928,8.79386946,2.93128982,4.103805748,9.966385388,0.879386946,0.13,NonMP
P32623,37.09229122,-0.437665953,0.40509636,-0.09882227,11.135,17.559,7.281,10.278,3.643760559,3.036467132,1.821880279,6.983874404,3.340113845,3.947407272,26.11361734,3.036467132,0.261,NonMP
P32629,53.3406,-0.27762,0.38166,0.01976,14,28.2,13.4,14.8,0.26573888,10.09807743,3.720344318,11.16103295,7.174949756,7.174949756,8.769383035,3.454605438,0.024,NonMP
P32901,39.09667221,-0.268785358,0.449767055,0.04469218,16.805,19.135,9.151,9.983,3.240903255,4.591279611,2.16060217,11.61323666,13.77383883,9.182559222,11.88331193,3.510978526,0.09,NonMP
P33334,41.19672607,-0.253157895,0.406912557,-0.052130128,12.971,28.056,15.085,12.971,2.632138791,21.84675196,15.26640499,63.17133097,28.69031282,37.37637083,39.48208186,13.16069395,0.063,NonMP
P36062,42.14176301,-0.327109827,0.455606936,-0.036112717,12.428,17.775,10.694,7.081,2.622366808,5.244733616,5.244733616,22.14443082,10.78084132,10.48946723,22.727179,2.330992718,0.285,NonMP
P36160,38.07122093,-0.273372093,0.33255814,0.036162791,10.465,34.884,19.477,15.407,0.538897387,4.041730402,1.886140854,8.083460804,5.658422563,4.041730402,5.119525176,0,0.186,NonMP
P38624,14.93069767,-0.358,0.35655814,0.129674419,11.163,24.186,12.093,12.093,1.055765107,1.58364766,1.055765107,3.695177873,1.58364766,1.055765107,4.223060426,0.527882553,0,NonMP
P40074,41.98683036,-0.285870536,0.526160714,-0.075133929,10.938,13.616,8.929,4.688,2.931520938,3.517825125,2.931520938,17.88227772,6.156193969,6.156193969,11.72608375,0.879456281,0,NonMP
P42839,46.34394273,-0.281563877,0.491343612,-0.062951542,15.639,19.053,11.233,7.819,4.576835122,11.4420878,10.58393122,27.17495853,14.87471415,12.01419219,25.45864536,4.862887317,0.192,NonMP
P47176,27.2268617,-0.316382979,0.397579787,-0.016090426,10.372,22.872,11.968,10.904,1.594555764,3.454870823,1.063037176,9.301575293,3.720630117,6.378223058,4.783667293,2.126074353,0.021,NonMP
P53769,47.0007722,-0.306872587,0.283359073,-0.014440154,8.88,37.452,22.008,15.444,2.792628,2.792628,1.396314,6.423044399,2.792628,1.396314,6.143781599,0.5585256,0.386,NonMP
Q02486,43.1557377,-0.220218579,0.396775956,-0.136065574,12.568,32.787,20.765,12.022,0,3.418305678,0.788839772,4.733038631,1.840626134,2.892412497,4.20714545,0.525893181,0.016,NonMP
Q04067,51.12262774,-0.33379562,0.312883212,-0.014124088,6.569,32.847,16.788,16.058,1.051743626,2.103487252,0.788807719,4.995782223,1.577615439,3.418166784,6.047525849,0.788807719,0.277,NonMP
Q05998,28.95802676,-0.282859532,0.469598662,0.089916388,18.227,15.719,8.696,7.023,3.464790947,2.398701425,3.198268566,11.72698474,11.99350712,5.330447611,15.99134283,5.596969991,0.079,NonMP
Q06106,40.99751973,-0.311251409,0.29643743,0.042232244,8.681,36.189,18.489,17.7,0.27416851,10.14423486,4.112527646,19.7401327,12.33758294,7.128381253,16.72427909,0.822505529,0.334,NonMP
Q07824,38.58464164,-0.293071672,0.457081911,0.04778157,14.676,16.382,8.874,7.509,3.338135744,2.225423829,3.059957765,16.13432276,11.12711915,9.179873296,9.736229253,2.503601808,0.119,NonMP
Q00539,32.44875717,-0.377954111,0.461759082,0.025296367,10.134,13.002,7.457,5.545,1.80772242,11.14762159,1.80772242,12.95534401,6.929602611,6.628315541,19.88494662,1.50643535,0.098,NonMP
